job-ID,prior,name,user,state,submit/start,at,queue,jclass,slots,ja-task-ID
------------------------------------------------------------------------------------------------------------------------------------------------
47231498,0.51086,eval_model,s2749200,qw,03/13/2025,14:49:01,1
48432584,0.46994,sleep,mmosavie,qw,04/25/2025,09:34:32,1
48751414,0.44490,scvelo_pat,s2700724,qw,05/21/2025,15:18:29,4
49102458,0.42425,run_phylop,s2252146,qw,06/13/2025,17:33:21,42
49342342,0.41311,analysis_r,s2902590,qw,06/23/2025,13:38:28,1
49370658,0.40418,analysis_r,s2902590,qw,06/26/2025,12:12:55,1
50726143,0.34123,dvr-l2r-tr,s2749465,qw,09/06/2025,18:12:57,1
50726150,0.33522,dvr-l2r-mr,s2749465,qw,09/06/2025,18:13:08,1
50726188,0.33379,raw-mrxfdg,s2749465,qw,09/06/2025,18:14:34,1
51546660,0.28666,jax_gpu_jo,s2162020,qw,11/02/2025,18:21:38,1
54199996,0.19538,IAMRex_Wav,dingram,qw,02/08/2026,21:46:02,64
54267954,0.18427,tag.sh,s2189251,qw,02/17/2026,19:27:00,1
54267956,0.17858,tag.sh,s2189251,qw,02/17/2026,19:28:18,1
54492767,0.16728,imex_ensem,s2328627,qw,03/08/2026,19:12:01,32
56029454,0.08129,_3x3_more_,s1931382,qw,06/05/2026,12:41:41,1
56030524,0.07570,_3x3_more_,s1931382,qw,06/05/2026,15:07:13,1
56172692,0.06958,Test_IGMM,s2741089,qw,06/17/2026,16:29:17,1
56244681,0.06854,mpitest_16,s1737494,qw,06/25/2026,15:06:43,168
56800560,0.04838,orca_cb_Ph,esolelm,qw,07/09/2026,23:43:26,8
56942105,0.04423,aspect_run,ddekler,qw,07/16/2026,13:41:18,64
57223663,0.03274,SH11,s2017658,qw,07/28/2026,12:16:19,64
56976090,0.02928,Experiment,s2060501,qw,07/20/2026,14:19:32,10,58-120:1
56976092,0.02909,Experiment,s2060501,qw,07/20/2026,14:19:44,10,1-60:1
57312851,0.02826,station,s2463047,qw,07/31/2026,18:40:01,32
57278001,0.02565,SH13,s2017658,qw,07/30/2026,16:30:15,64
57375277,0.02498,test_run,c,s2737225,qw,08/02/2026,20:03:52,1
57278067,0.02422,SH16,s2017658,qw,07/30/2026,16:42:43,64
57299830,0.02286,SH17,s2017658,qw,07/31/2026,09:08:53,64
57299831,0.02243,SH18,s2017658,qw,07/31/2026,09:08:56,64
57299833,0.02214,SH19,s2017658,qw,07/31/2026,09:08:58,64
57556682,0.02065,RETFound_t,s2633613,qw,08/07/2026,06:47:20,1
57382255,0.01950,test_run,c,s2737225,qw,08/03/2026,12:06:35,1
57450308,0.01853,pe20_16G_9,ddunica2,qw,08/05/2026,07:29:50,20
57585514,0.01821,cooling_on,s2601697,qw,08/09/2026,17:57:00,1
57394539,0.01812,SH20,s2017658,qw,08/04/2026,09:10:57,64
57394540,0.01797,SH21,s2017658,qw,08/04/2026,09:11:05,64
57603862,0.01751,env.sh,jireland,qw,08/10/2026,10:37:16,2
57661285,0.01389,rBergomi_c,s2065217,qw,08/14/2026,17:23:28,16
57585518,0.01354,cooling_on,s2601697,qw,08/09/2026,17:57:12,1
57515523,0.01297,Experiment,s2060501,qw,08/06/2026,11:46:27,10,1-60:1
57585523,0.01212,cooling_on,s2601697,qw,08/09/2026,17:57:27,1
57585527,0.01141,cooling_on,s2601697,qw,08/09/2026,17:57:42,1
57585695,0.01098,cooling_on,s2601697,qw,08/09/2026,18:08:09,1
57562825,0.00000,step7_gate,s2116644,qw,08/08/2026,17:43:52,8,1653-2772:1
57585696,0.01069,cooling_on,s2601697,qw,08/09/2026,18:08:09,1
57585697,0.01049,cooling_on,s2601697,qw,08/09/2026,18:08:09,1
57585698,0.01034,cooling_on,s2601697,qw,08/09/2026,18:08:09,1
57707439,0.01024,ldpc_sim,s2852841,qw,08/18/2026,11:51:50,128
57585699,0.01022,cooling_on,s2601697,qw,08/09/2026,18:08:10,1
57585700,0.01012,cooling_on,s2601697,qw,08/09/2026,18:08:10,1
57585702,0.01004,cooling_on,s2601697,qw,08/09/2026,18:08:10,1
57585703,0.00998,cooling_on,s2601697,qw,08/09/2026,18:08:10,1
57585712,0.00993,cooling_on,s2601697,qw,08/09/2026,18:08:45,1
57707411,0.00990,ldpc_sim,s2852841,qw,08/18/2026,11:46:24,8
57585713,0.00988,cooling_on,s2601697,qw,08/09/2026,18:08:45,1
57585714,0.00984,cooling_on,s2601697,qw,08/09/2026,18:08:45,1
57585715,0.00980,cooling_on,s2601697,qw,08/09/2026,18:08:46,1
57585716,0.00977,cooling_on,s2601697,qw,08/09/2026,18:08:46,1
57585717,0.00974,cooling_on,s2601697,qw,08/09/2026,18:08:46,1
57585718,0.00972,cooling_on,s2601697,qw,08/09/2026,18:08:46,1
57585719,0.00970,cooling_on,s2601697,qw,08/09/2026,18:08:46,1
57582772,0.00940,lw_b11_24h,pminervi,qw,08/09/2026,15:06:11,1,8446-10000:1
57582774,0.00940,lw_b11_24h,pminervi,qw,08/09/2026,15:06:14,1,2079-10000:1
57582775,0.00940,lw_b11_24h,pminervi,qw,08/09/2026,15:06:17,1,489-10000:1
57582777,0.00940,lw_b11_24h,pminervi,qw,08/09/2026,15:06:20,1,1-10000:1
57582778,0.00940,lw_b11_24h,pminervi,qw,08/09/2026,15:06:22,1,1-6768:1
57582780,0.00940,lw_b13_24h,pminervi,qw,08/09/2026,15:06:25,1,1-10000:1
57582782,0.00940,lw_b13_24h,pminervi,qw,08/09/2026,15:06:28,1,1-10000:1
57582784,0.00940,lw_b13_24h,pminervi,qw,08/09/2026,15:06:31,1,1-10000:1
57582786,0.00940,lw_b13_24h,pminervi,qw,08/09/2026,15:06:34,1,1-10000:1
57582787,0.00940,lw_b13_24h,pminervi,qw,08/09/2026,15:06:37,1,1-10000:1
57582790,0.00940,lw_b13_24h,pminervi,qw,08/09/2026,15:06:40,1,1-10000:1
57582792,0.00940,lw_b13_24h,pminervi,qw,08/09/2026,15:06:43,1,1-10000:1
57582794,0.00940,lw_b13_24h,pminervi,qw,08/09/2026,15:06:46,1,1-10000:1
57582795,0.00940,lw_b13_24h,pminervi,qw,08/09/2026,15:06:49,1,1-10000:1
57582797,0.00940,lw_b13_24h,pminervi,qw,08/09/2026,15:06:52,1,1-10000:1
57582799,0.00940,lw_b13_24h,pminervi,qw,08/09/2026,15:06:54,1,1-10000:1
57582800,0.00940,lw_b13_24h,pminervi,qw,08/09/2026,15:06:57,1,1-10000:1
57582802,0.00940,lw_b13_24h,pminervi,qw,08/09/2026,15:07:00,1,1-10000:1
57582804,0.00940,lw_b13_24h,pminervi,qw,08/09/2026,15:07:03,1,1-10000:1
57582806,0.00940,lw_b13_24h,pminervi,qw,08/09/2026,15:07:06,1,1-10000:1
57582808,0.00940,lw_b13_24h,pminervi,qw,08/09/2026,15:07:09,1,1-10000:1
57582810,0.00940,lw_b13_24h,pminervi,qw,08/09/2026,15:07:12,1,1-10000:1
57582811,0.00940,lw_b13_24h,pminervi,qw,08/09/2026,15:07:15,1,1-10000:1
57582814,0.00940,lw_b13_24h,pminervi,qw,08/09/2026,15:07:18,1,1-10000:1
57582816,0.00940,lw_b13_24h,pminervi,qw,08/09/2026,15:07:21,1,1-10000:1
57582817,0.00940,lw_b13_24h,pminervi,qw,08/09/2026,15:07:24,1,1-10000:1
57582819,0.00940,lw_b13_24h,pminervi,qw,08/09/2026,15:07:27,1,1-10000:1
57582821,0.00940,lw_b13_24h,pminervi,qw,08/09/2026,15:07:30,1,1-10000:1
57582823,0.00940,lw_b13_24h,pminervi,qw,08/09/2026,15:07:33,1,1-10000:1
57582825,0.00940,lw_b13_24h,pminervi,qw,08/09/2026,15:07:36,1,1-10000:1
57582826,0.00940,lw_b13_24h,pminervi,qw,08/09/2026,15:07:39,1,1-10000:1
57582828,0.00940,lw_b13_24h,pminervi,qw,08/09/2026,15:07:42,1,1-10000:1
57582830,0.00940,lw_b13_24h,pminervi,qw,08/09/2026,15:07:45,1,1-10000:1
57582832,0.00940,lw_b13_24h,pminervi,qw,08/09/2026,15:07:48,1,1-10000:1
57582834,0.00940,lw_b13_24h,pminervi,qw,08/09/2026,15:07:51,1,1-10000:1
57582836,0.00940,lw_b13_24h,pminervi,qw,08/09/2026,15:07:54,1,1-10000:1
57582838,0.00940,lw_b13_24h,pminervi,qw,08/09/2026,15:07:58,1,1-10000:1
57582840,0.00940,lw_b13_24h,pminervi,qw,08/09/2026,15:08:01,1,1-10000:1
57582842,0.00940,lw_b13_24h,pminervi,qw,08/09/2026,15:08:04,1,1-10000:1
57582843,0.00940,lw_b13_24h,pminervi,qw,08/09/2026,15:08:06,1,1-10000:1
57582846,0.00940,lw_b13_24h,pminervi,qw,08/09/2026,15:08:09,1,1-10000:1
57582847,0.00940,lw_b13_24h,pminervi,qw,08/09/2026,15:08:13,1,1-10000:1
57582849,0.00940,lw_b13_24h,pminervi,qw,08/09/2026,15:08:16,1,1-752:1
57725185,0.00922,Kirsty_Abu,s1626483,qw,08/19/2026,10:59:14,16
57590380,0.00917,lw_b11_aut,pminervi,qw,08/09/2026,20:51:36,1,1-2336:1
57590381,0.00917,lw_b13_aut,pminervi,qw,08/09/2026,20:51:36,1,1-3968:1
57661058,0.00881,STDIN,jireland,qw,08/14/2026,16:52:15,1
57602589,0.00867,lw_b14_rec,pminervi,qw,08/10/2026,09:29:08,1,1-320:1
57610058,0.00825,lw_b14_tar,pminervi,qw,08/10/2026,20:05:26,1,1-10000:1
57610059,0.00825,lw_b14_tar,pminervi,qw,08/10/2026,20:05:29,1,1-6904:1
57611850,0.00777,lw_b14_tar,pminervi,qw,08/11/2026,08:09:32,1,1-10000:1
57611851,0.00777,lw_b14_tar,pminervi,qw,08/11/2026,08:09:35,1,1-1208:1
57661101,0.00739,STDIN,jireland,qw,08/14/2026,16:57:52,1
57622076,0.00728,lw_b14_tar,pminervi,qw,08/11/2026,20:13:49,1,1-9624:1
57623759,0.00680,lw_b14_tar,pminervi,qw,08/12/2026,08:18:19,1,1-56:1
57636694,0.00639,lw_b14_tar,pminervi,qw,08/12/2026,18:38:37,1,1-10000:1
57636695,0.00639,lw_b14_tar,pminervi,qw,08/12/2026,18:38:39,1,1-10000:1
57636696,0.00639,lw_b14_tar,pminervi,qw,08/12/2026,18:38:41,1,1-2536:1
57637900,0.00621,lw_b14_tar,pminervi,qw,08/12/2026,23:21:08,1,1-6024:1
57660905,0.00571,snakemake,rroehe,qw,08/14/2026,16:03:44,8,12
57656334,0.00537,S0_20_vf_5,adixon3,qw,08/14/2026,12:36:42,1
57656335,0.00533,S0_20_vf_5,adixon3,qw,08/14/2026,12:36:42,1
57649824,0.00531,lw_b14_tar,pminervi,qw,08/13/2026,21:47:14,1,1-10000:1
57649826,0.00531,lw_b14_tar,pminervi,qw,08/13/2026,21:47:16,1,1-10000:1
57649827,0.00531,lw_b14_tar,pminervi,qw,08/13/2026,21:47:18,1,1-4920:1
57656336,0.00528,S0_20_vf_5,adixon3,qw,08/14/2026,12:36:42,1
57656337,0.00525,S0_20_vf_5,adixon3,qw,08/14/2026,12:36:42,1
57656338,0.00522,S0_20_vf_5,adixon3,qw,08/14/2026,12:36:42,1
57656339,0.00519,S0_20_vf_5,adixon3,qw,08/14/2026,12:36:42,1
57656340,0.00517,S0_20_vf_5,adixon3,qw,08/14/2026,12:36:42,1
57656341,0.00514,S0_20_vf_5,adixon3,qw,08/14/2026,12:36:42,1
57656342,0.00512,S0_20_vf_5,adixon3,qw,08/14/2026,12:36:42,1
57656343,0.00510,S0_20_vf_5,adixon3,qw,08/14/2026,12:36:42,1
57656344,0.00509,S0_20_vf_5,adixon3,qw,08/14/2026,12:36:42,1
57656345,0.00507,S0_20_vf_5,adixon3,qw,08/14/2026,12:36:42,1
57656346,0.00506,S0_20_vf_5,adixon3,qw,08/14/2026,12:36:42,1
57656347,0.00504,S0_20_vf_5,adixon3,qw,08/14/2026,12:36:42,1
57656348,0.00503,S0_20_vf_5,adixon3,qw,08/14/2026,12:36:42,1
57656349,0.00502,S0_20_vf_5,adixon3,qw,08/14/2026,12:36:43,1
57656350,0.00501,S0_20_vf_5,adixon3,qw,08/14/2026,12:36:43,1
57656351,0.00500,S0_20_vf_5,adixon3,qw,08/14/2026,12:36:43,1
57656352,0.00499,S0_20_vf_5,adixon3,qw,08/14/2026,12:36:43,1
57656353,0.00498,S0_20_vf_5,adixon3,qw,08/14/2026,12:36:43,1
57656354,0.00497,S0_20_vf_5,adixon3,qw,08/14/2026,12:36:43,1
57656355,0.00497,S0_20_vf_5,adixon3,qw,08/14/2026,12:36:43,1
57656356,0.00496,S0_20_vf_5,adixon3,qw,08/14/2026,12:36:43,1
57656357,0.00495,S0_20_vf_5,adixon3,qw,08/14/2026,12:36:43,1
57656358,0.00495,S0_20_vf_5,adixon3,qw,08/14/2026,12:36:43,1
57656359,0.00494,S0_20_vf_5,adixon3,qw,08/14/2026,12:36:43,1
57656360,0.00494,S0_20_vf_5,adixon3,qw,08/14/2026,12:36:43,1
57656361,0.00494,S0_20_vf_5,adixon3,qw,08/14/2026,12:36:43,1
57656362,0.00494,S0_20_vf_5,adixon3,qw,08/14/2026,12:36:43,1
57656363,0.00494,S0_20_vf_5,adixon3,qw,08/14/2026,12:36:43,1
57656364,0.00494,S0_20_vf_5,adixon3,qw,08/14/2026,12:36:43,1
57656365,0.00494,S0_20_vf_5,adixon3,qw,08/14/2026,12:36:43,1
57656366,0.00494,S0_20_vf_5,adixon3,qw,08/14/2026,12:36:44,1
57656367,0.00494,S0_20_vf_5,adixon3,qw,08/14/2026,12:36:44,1
57656368,0.00494,S0_20_vf_5,adixon3,qw,08/14/2026,12:36:44,1
57656369,0.00494,S0_20_vf_5,adixon3,qw,08/14/2026,12:36:44,1
57656370,0.00494,S0_20_vf_5,adixon3,qw,08/14/2026,12:36:44,1
57656371,0.00494,S0_20_vf_5,adixon3,qw,08/14/2026,12:36:44,1
57656372,0.00494,S0_20_vf_5,adixon3,qw,08/14/2026,12:36:44,1
57656373,0.00494,S0_20_vf_5,adixon3,qw,08/14/2026,12:36:44,1
57656374,0.00494,S0_20_vf_5,adixon3,qw,08/14/2026,12:36:44,1
57656375,0.00494,S0_20_vf_5,adixon3,qw,08/14/2026,12:36:44,1
57656376,0.00494,S0_20_vf_5,adixon3,qw,08/14/2026,12:36:44,1
57656377,0.00494,S0_20_vf_5,adixon3,qw,08/14/2026,12:36:44,1
57656378,0.00494,S0_20_vf_5,adixon3,qw,08/14/2026,12:36:44,1
57656379,0.00494,S0_20_vf_5,adixon3,qw,08/14/2026,12:36:44,1
57656380,0.00494,S0_20_vf_5,adixon3,qw,08/14/2026,12:36:44,1
57656381,0.00494,S0_20_vf_5,adixon3,qw,08/14/2026,12:36:44,1
57656382,0.00494,S0_20_vf_5,adixon3,qw,08/14/2026,12:36:45,1
57656383,0.00494,S0_20_vf_5,adixon3,qw,08/14/2026,12:36:45,1
57656384,0.00494,S0_20_vf_5,adixon3,qw,08/14/2026,12:36:45,1
57656385,0.00494,S0_20_vf_5,adixon3,qw,08/14/2026,12:36:45,1
57656386,0.00494,S0_20_vf_5,adixon3,qw,08/14/2026,12:36:45,1
57656387,0.00494,S0_20_vf_5,adixon3,qw,08/14/2026,12:36:45,1
57656388,0.00494,S0_20_vf_5,adixon3,qw,08/14/2026,12:36:45,1
57656389,0.00494,S0_20_vf_5,adixon3,qw,08/14/2026,12:36:45,1
57656390,0.00494,S0_20_vf_5,adixon3,qw,08/14/2026,12:36:45,1
57656391,0.00494,S0_20_vf_5,adixon3,qw,08/14/2026,12:36:45,1
57656392,0.00494,S0_20_vf_5,adixon3,qw,08/14/2026,12:36:45,1
57656393,0.00494,S0_20_vf_5,adixon3,qw,08/14/2026,12:36:45,1
57656394,0.00494,S0_20_vf_5,adixon3,qw,08/14/2026,12:36:45,1
57656395,0.00494,S0_20_vf_5,adixon3,qw,08/14/2026,12:36:45,1
57656396,0.00494,S0_20_vf_5,adixon3,qw,08/14/2026,12:36:45,1
57656397,0.00494,S0_20_vf_5,adixon3,qw,08/14/2026,12:36:45,1
57656398,0.00494,S0_20_vf_5,adixon3,qw,08/14/2026,12:36:45,1
57656399,0.00494,S0_20_vf_5,adixon3,qw,08/14/2026,12:36:46,1
57656400,0.00494,S0_20_vf_5,adixon3,qw,08/14/2026,12:36:46,1
57656401,0.00494,S0_20_vf_5,adixon3,qw,08/14/2026,12:36:46,1
57656402,0.00494,S0_20_vf_5,adixon3,qw,08/14/2026,12:36:46,1
57656403,0.00494,S0_20_vf_5,adixon3,qw,08/14/2026,12:36:46,1
57656404,0.00494,S0_20_vf_5,adixon3,qw,08/14/2026,12:36:46,1
57656405,0.00494,S0_20_vf_5,adixon3,qw,08/14/2026,12:36:46,1
57656406,0.00494,S0_20_vf_5,adixon3,qw,08/14/2026,12:36:46,1
57656407,0.00494,S0_20_vf_5,adixon3,qw,08/14/2026,12:36:46,1
57656408,0.00494,S0_20_vf_5,adixon3,qw,08/14/2026,12:36:46,1
57656409,0.00494,S0_20_vf_5,adixon3,qw,08/14/2026,12:36:46,1
57656410,0.00494,S0_20_vf_5,adixon3,qw,08/14/2026,12:36:46,1
57656411,0.00494,S0_20_vf_5,adixon3,qw,08/14/2026,12:36:46,1
57656412,0.00494,S0_20_vf_5,adixon3,qw,08/14/2026,12:36:46,1
57656413,0.00494,S0_20_vf_5,adixon3,qw,08/14/2026,12:36:46,1
57656414,0.00494,S0_20_vf_5,adixon3,qw,08/14/2026,12:36:46,1
57656415,0.00494,S0_20_vf_5,adixon3,qw,08/14/2026,12:36:46,1
57656416,0.00494,S0_20_vf_5,adixon3,qw,08/14/2026,12:36:46,1
57656417,0.00494,S0_20_vf_5,adixon3,qw,08/14/2026,12:36:47,1
57656418,0.00494,S0_20_vf_5,adixon3,qw,08/14/2026,12:36:47,1
57656419,0.00494,S0_20_vf_5,adixon3,qw,08/14/2026,12:36:47,1
57656420,0.00494,S0_20_vf_5,adixon3,qw,08/14/2026,12:36:47,1
57656421,0.00494,S0_20_vf_5,adixon3,qw,08/14/2026,12:36:47,1
57656422,0.00494,S0_20_vf_5,adixon3,qw,08/14/2026,12:36:47,1
57656423,0.00494,S0_20_vf_5,adixon3,qw,08/14/2026,12:36:47,1
57656424,0.00494,S0_20_vf_5,adixon3,qw,08/14/2026,12:36:47,1
57656425,0.00494,S0_20_vf_5,adixon3,qw,08/14/2026,12:36:47,1
57656426,0.00494,S0_0_vf_50,adixon3,qw,08/14/2026,12:36:47,1
57656427,0.00494,S0_0_vf_50,adixon3,qw,08/14/2026,12:36:47,1
57656428,0.00494,S0_0_vf_50,adixon3,qw,08/14/2026,12:36:47,1
57656429,0.00494,S0_0_vf_50,adixon3,qw,08/14/2026,12:36:47,1
57656430,0.00494,S0_0_vf_50,adixon3,qw,08/14/2026,12:36:47,1
57656431,0.00494,S0_0_vf_50,adixon3,qw,08/14/2026,12:36:47,1
57656432,0.00494,S0_0_vf_50,adixon3,qw,08/14/2026,12:36:47,1
57656433,0.00494,S0_0_vf_50,adixon3,qw,08/14/2026,12:36:47,1
57656434,0.00494,S0_0_vf_50,adixon3,qw,08/14/2026,12:36:47,1
57656435,0.00494,S0_0_vf_50,adixon3,qw,08/14/2026,12:36:48,1
57656436,0.00494,S0_0_vf_50,adixon3,qw,08/14/2026,12:36:48,1
57656437,0.00494,S0_0_vf_50,adixon3,qw,08/14/2026,12:36:48,1
57656438,0.00494,S0_0_vf_50,adixon3,qw,08/14/2026,12:36:48,1
57656439,0.00494,S0_0_vf_50,adixon3,qw,08/14/2026,12:36:48,1
57656440,0.00494,S0_0_vf_50,adixon3,qw,08/14/2026,12:36:48,1
57656441,0.00494,S0_0_vf_50,adixon3,qw,08/14/2026,12:36:48,1
57656442,0.00494,S0_0_vf_50,adixon3,qw,08/14/2026,12:36:48,1
57656443,0.00494,S0_0_vf_50,adixon3,qw,08/14/2026,12:36:48,1
57656444,0.00494,S0_0_vf_50,adixon3,qw,08/14/2026,12:36:48,1
57656445,0.00494,S0_0_vf_50,adixon3,qw,08/14/2026,12:36:48,1
57656446,0.00494,S0_0_vf_50,adixon3,qw,08/14/2026,12:36:48,1
57656447,0.00494,S0_0_vf_50,adixon3,qw,08/14/2026,12:36:48,1
57656448,0.00494,S0_0_vf_50,adixon3,qw,08/14/2026,12:36:48,1
57656449,0.00494,S0_0_vf_50,adixon3,qw,08/14/2026,12:36:48,1
57656450,0.00494,S0_0_vf_50,adixon3,qw,08/14/2026,12:36:48,1
57656451,0.00494,S0_0_vf_50,adixon3,qw,08/14/2026,12:36:48,1
57656452,0.00494,S0_0_vf_50,adixon3,qw,08/14/2026,12:36:49,1
57656453,0.00494,S0_0_vf_50,adixon3,qw,08/14/2026,12:36:49,1
57656454,0.00494,S0_0_vf_50,adixon3,qw,08/14/2026,12:36:49,1
57656455,0.00494,S0_0_vf_50,adixon3,qw,08/14/2026,12:36:49,1
57656456,0.00494,S0_0_vf_50,adixon3,qw,08/14/2026,12:36:49,1
57656457,0.00494,S0_0_vf_50,adixon3,qw,08/14/2026,12:36:49,1
57656458,0.00494,S0_0_vf_50,adixon3,qw,08/14/2026,12:36:49,1
57656459,0.00494,S0_0_vf_50,adixon3,qw,08/14/2026,12:36:49,1
57656460,0.00494,S0_0_vf_50,adixon3,qw,08/14/2026,12:36:49,1
57656461,0.00494,S0_0_vf_50,adixon3,qw,08/14/2026,12:36:49,1
57656462,0.00494,S0_0_vf_50,adixon3,qw,08/14/2026,12:36:49,1
57656463,0.00494,S0_0_vf_50,adixon3,qw,08/14/2026,12:36:49,1
57656464,0.00494,S0_0_vf_50,adixon3,qw,08/14/2026,12:36:49,1
57656465,0.00494,S0_0_vf_50,adixon3,qw,08/14/2026,12:36:49,1
57656466,0.00494,S0_0_vf_50,adixon3,qw,08/14/2026,12:36:49,1
57656467,0.00494,S0_0_vf_50,adixon3,qw,08/14/2026,12:36:49,1
57656468,0.00494,S0_0_vf_50,adixon3,qw,08/14/2026,12:36:49,1
57656469,0.00494,S0_0_vf_50,adixon3,qw,08/14/2026,12:36:50,1
57656470,0.00494,S0_0_vf_50,adixon3,qw,08/14/2026,12:36:50,1
57656471,0.00494,S0_0_vf_50,adixon3,qw,08/14/2026,12:36:50,1
57656472,0.00494,S0_0_vf_50,adixon3,qw,08/14/2026,12:36:50,1
57656473,0.00494,S0_0_vf_50,adixon3,qw,08/14/2026,12:36:50,1
57656474,0.00494,S0_0_vf_50,adixon3,qw,08/14/2026,12:36:50,1
57656475,0.00494,S0_0_vf_50,adixon3,qw,08/14/2026,12:36:50,1
57656476,0.00494,S0_0_vf_50,adixon3,qw,08/14/2026,12:36:50,1
57656477,0.00494,S0_0_vf_50,adixon3,qw,08/14/2026,12:36:50,1
57656478,0.00494,S0_0_vf_50,adixon3,qw,08/14/2026,12:36:50,1
57656479,0.00494,S0_0_vf_50,adixon3,qw,08/14/2026,12:36:50,1
57656480,0.00494,S0_0_vf_50,adixon3,qw,08/14/2026,12:36:50,1
57656481,0.00494,S0_0_vf_50,adixon3,qw,08/14/2026,12:36:50,1
57656482,0.00494,S0_0_vf_50,adixon3,qw,08/14/2026,12:36:50,1
57656483,0.00494,S0_0_vf_50,adixon3,qw,08/14/2026,12:36:50,1
57656484,0.00494,S0_0_vf_50,adixon3,qw,08/14/2026,12:36:50,1
57656485,0.00494,S0_0_vf_50,adixon3,qw,08/14/2026,12:36:50,1
57656486,0.00494,S0_0_vf_50,adixon3,qw,08/14/2026,12:36:50,1
57656487,0.00494,S0_0_vf_50,adixon3,qw,08/14/2026,12:36:51,1
57656488,0.00494,S0_0_vf_50,adixon3,qw,08/14/2026,12:36:51,1
57656489,0.00494,S0_0_vf_50,adixon3,qw,08/14/2026,12:36:51,1
57656490,0.00494,S0_0_vf_50,adixon3,qw,08/14/2026,12:36:51,1
57656491,0.00494,S0_0_vf_50,adixon3,qw,08/14/2026,12:36:51,1
57656492,0.00494,S0_0_vf_50,adixon3,qw,08/14/2026,12:36:51,1
57656493,0.00494,S0_0_vf_50,adixon3,qw,08/14/2026,12:36:51,1
57656494,0.00494,S0_0_vf_50,adixon3,qw,08/14/2026,12:36:51,1
57656495,0.00494,S0_0_vf_50,adixon3,qw,08/14/2026,12:36:51,1
57656496,0.00494,S0_0_vf_50,adixon3,qw,08/14/2026,12:36:51,1
57656497,0.00494,S0_0_vf_50,adixon3,qw,08/14/2026,12:36:51,1
57656498,0.00494,S0_0_vf_50,adixon3,qw,08/14/2026,12:36:51,1
57656499,0.00494,S0_0_vf_50,adixon3,qw,08/14/2026,12:36:51,1
57656500,0.00494,S0_0_vf_50,adixon3,qw,08/14/2026,12:36:51,1
57656501,0.00494,S0_0_vf_50,adixon3,qw,08/14/2026,12:36:51,1
57656502,0.00494,S0_0_vf_50,adixon3,qw,08/14/2026,12:36:51,1
57656503,0.00494,S0_0_vf_50,adixon3,qw,08/14/2026,12:36:51,1
57656504,0.00494,S0_0_vf_50,adixon3,qw,08/14/2026,12:36:51,1
57656505,0.00494,S0_0_vf_50,adixon3,qw,08/14/2026,12:36:52,1
57656506,0.00494,S0_0_vf_50,adixon3,qw,08/14/2026,12:36:52,1
57656507,0.00494,S0_0_vf_50,adixon3,qw,08/14/2026,12:36:52,1
57656508,0.00494,S0_0_vf_50,adixon3,qw,08/14/2026,12:36:52,1
57656509,0.00494,S0_0_vf_50,adixon3,qw,08/14/2026,12:36:52,1
57656510,0.00494,S0_0_vf_50,adixon3,qw,08/14/2026,12:36:52,1
57656511,0.00494,S0_0_vf_50,adixon3,qw,08/14/2026,12:36:52,1
57656512,0.00494,S0_0_vf_50,adixon3,qw,08/14/2026,12:36:52,1
57656513,0.00494,S0_0_vf_50,adixon3,qw,08/14/2026,12:36:52,1
57656514,0.00494,S0_0_vf_50,adixon3,qw,08/14/2026,12:36:52,1
57656515,0.00494,S0_0_vf_50,adixon3,qw,08/14/2026,12:36:52,1
57656516,0.00494,S0_0_vf_50,adixon3,qw,08/14/2026,12:36:52,1
57656517,0.00494,S0_0_vf_50,adixon3,qw,08/14/2026,12:36:52,1
57656518,0.00494,S0_0_vf_50,adixon3,qw,08/14/2026,12:36:52,1
57656519,0.00494,S0_0_vf_50,adixon3,qw,08/14/2026,12:36:52,1
57656520,0.00494,S0_0_vf_50,adixon3,qw,08/14/2026,12:36:52,1
57656521,0.00494,S0_0_vf_50,adixon3,qw,08/14/2026,12:36:52,1
57656522,0.00494,S0_0_vf_50,adixon3,qw,08/14/2026,12:36:52,1
57656523,0.00494,S0_0_vf_50,adixon3,qw,08/14/2026,12:36:53,1
57656524,0.00494,S0_0_vf_50,adixon3,qw,08/14/2026,12:36:53,1
57656525,0.00494,S0_0_vf_50,adixon3,qw,08/14/2026,12:36:53,1
57656526,0.00494,S0_0_vf_50,adixon3,qw,08/14/2026,12:36:53,1
57656527,0.00494,S0_0_vf_50,adixon3,qw,08/14/2026,12:36:53,1
57656528,0.00494,S0_0_vf_50,adixon3,qw,08/14/2026,12:36:53,1
57656529,0.00494,S0_0_vf_50,adixon3,qw,08/14/2026,12:36:53,1
57656530,0.00494,S0_0_vf_50,adixon3,qw,08/14/2026,12:36:53,1
57656531,0.00494,S0_0_vf_50,adixon3,qw,08/14/2026,12:36:53,1
57656532,0.00494,S0_0_vf_50,adixon3,qw,08/14/2026,12:36:53,1
57656533,0.00494,S0_0_vf_50,adixon3,qw,08/14/2026,12:36:53,1
57656534,0.00494,S0_0_vf_50,adixon3,qw,08/14/2026,12:36:53,1
57656535,0.00494,S0_0_vf_50,adixon3,qw,08/14/2026,12:36:53,1
57656536,0.00494,S0_0_vf_50,adixon3,qw,08/14/2026,12:36:53,1
57656537,0.00494,S0_0_vf_50,adixon3,qw,08/14/2026,12:36:53,1
57656538,0.00494,S0_0_vf_50,adixon3,qw,08/14/2026,12:36:53,1
57656539,0.00494,S0_0_vf_50,adixon3,qw,08/14/2026,12:36:53,1
57656540,0.00494,S0_0_vf_50,adixon3,qw,08/14/2026,12:36:53,1
57656541,0.00494,S0_0_vf_50,adixon3,qw,08/14/2026,12:36:54,1
57656542,0.00494,S0_0_vf_50,adixon3,qw,08/14/2026,12:36:54,1
57656543,0.00494,S0_0_vf_50,adixon3,qw,08/14/2026,12:36:54,1
57656544,0.00494,S0_0_vf_50,adixon3,qw,08/14/2026,12:36:54,1
57656545,0.00494,S0_0_vf_50,adixon3,qw,08/14/2026,12:36:54,1
57656546,0.00494,S0_0_vf_50,adixon3,qw,08/14/2026,12:36:54,1
57656547,0.00494,S0_0_vf_50,adixon3,qw,08/14/2026,12:36:54,1
57656548,0.00494,S0_0_vf_50,adixon3,qw,08/14/2026,12:36:54,1
57656549,0.00494,S0_0_vf_50,adixon3,qw,08/14/2026,12:36:54,1
57656550,0.00494,S0_0_vf_50,adixon3,qw,08/14/2026,12:36:54,1
57656551,0.00494,S0_0_vf_50,adixon3,qw,08/14/2026,12:36:54,1
57656552,0.00494,S0_0_vf_50,adixon3,qw,08/14/2026,12:36:54,1
57656553,0.00494,S0_0_vf_50,adixon3,qw,08/14/2026,12:36:54,1
57656554,0.00494,S0_0_vf_50,adixon3,qw,08/14/2026,12:36:54,1
57656555,0.00494,S0_0_vf_50,adixon3,qw,08/14/2026,12:36:54,1
57656556,0.00494,S0_0_vf_50,adixon3,qw,08/14/2026,12:36:54,1
57656557,0.00494,S0_0_vf_50,adixon3,qw,08/14/2026,12:36:54,1
57656558,0.00494,S0_0_vf_50,adixon3,qw,08/14/2026,12:36:54,1
57656559,0.00494,S0_0_vf_50,adixon3,qw,08/14/2026,12:36:54,1
57656560,0.00494,S0_0_vf_50,adixon3,qw,08/14/2026,12:36:55,1
57656561,0.00494,S0_0_vf_50,adixon3,qw,08/14/2026,12:36:55,1
57656562,0.00494,S0_0_vf_50,adixon3,qw,08/14/2026,12:36:55,1
57656563,0.00494,S0_0_vf_50,adixon3,qw,08/14/2026,12:36:55,1
57656564,0.00494,S0_0_vf_50,adixon3,qw,08/14/2026,12:36:55,1
57656565,0.00494,S0_0_vf_50,adixon3,qw,08/14/2026,12:36:55,1
57656566,0.00494,S0_0_vf_50,adixon3,qw,08/14/2026,12:36:55,1
57656567,0.00494,S0_0_vf_50,adixon3,qw,08/14/2026,12:36:55,1
57656568,0.00494,S0_0_vf_50,adixon3,qw,08/14/2026,12:36:55,1
57656569,0.00494,S0_0_vf_50,adixon3,qw,08/14/2026,12:36:55,1
57656570,0.00494,S0_0_vf_50,adixon3,qw,08/14/2026,12:36:55,1
57656571,0.00494,S0_0_vf_50,adixon3,qw,08/14/2026,12:36:55,1
57656572,0.00494,S0_0_vf_50,adixon3,qw,08/14/2026,12:36:55,1
57656573,0.00494,S0_0_vf_50,adixon3,qw,08/14/2026,12:36:55,1
57656574,0.00494,S0_0_vf_50,adixon3,qw,08/14/2026,12:36:55,1
57656575,0.00494,S0_0_vf_50,adixon3,qw,08/14/2026,12:36:55,1
57656576,0.00494,S0_99_vf_5,adixon3,qw,08/14/2026,12:36:55,1
57656577,0.00494,S0_99_vf_5,adixon3,qw,08/14/2026,12:36:55,1
57656578,0.00494,S0_99_vf_5,adixon3,qw,08/14/2026,12:36:56,1
57656579,0.00494,S0_99_vf_5,adixon3,qw,08/14/2026,12:36:56,1
57656580,0.00494,S0_99_vf_5,adixon3,qw,08/14/2026,12:36:56,1
57656581,0.00494,S0_99_vf_5,adixon3,qw,08/14/2026,12:36:56,1
57656582,0.00494,S0_99_vf_5,adixon3,qw,08/14/2026,12:36:56,1
57656583,0.00494,S0_99_vf_5,adixon3,qw,08/14/2026,12:36:56,1
57656584,0.00494,S0_99_vf_5,adixon3,qw,08/14/2026,12:36:56,1
57656585,0.00494,S0_99_vf_5,adixon3,qw,08/14/2026,12:36:56,1
57656586,0.00494,S0_99_vf_5,adixon3,qw,08/14/2026,12:36:56,1
57656587,0.00494,S0_99_vf_5,adixon3,qw,08/14/2026,12:36:56,1
57656588,0.00494,S0_99_vf_5,adixon3,qw,08/14/2026,12:36:56,1
57656589,0.00494,S0_99_vf_5,adixon3,qw,08/14/2026,12:36:56,1
57656590,0.00494,S0_99_vf_5,adixon3,qw,08/14/2026,12:36:56,1
57656591,0.00494,S0_99_vf_5,adixon3,qw,08/14/2026,12:36:56,1
57656592,0.00494,S0_99_vf_5,adixon3,qw,08/14/2026,12:36:56,1
57656593,0.00494,S0_99_vf_5,adixon3,qw,08/14/2026,12:36:56,1
57656594,0.00494,S0_99_vf_5,adixon3,qw,08/14/2026,12:36:56,1
57656595,0.00494,S0_99_vf_5,adixon3,qw,08/14/2026,12:36:56,1
57656596,0.00494,S0_99_vf_5,adixon3,qw,08/14/2026,12:36:56,1
57656597,0.00494,S0_99_vf_5,adixon3,qw,08/14/2026,12:36:57,1
57656598,0.00494,S0_99_vf_5,adixon3,qw,08/14/2026,12:36:57,1
57656599,0.00494,S0_99_vf_5,adixon3,qw,08/14/2026,12:36:57,1
57656600,0.00494,S0_99_vf_5,adixon3,qw,08/14/2026,12:36:57,1
57656601,0.00494,S0_99_vf_5,adixon3,qw,08/14/2026,12:36:57,1
57656602,0.00494,S0_99_vf_5,adixon3,qw,08/14/2026,12:36:57,1
57656603,0.00494,S0_99_vf_5,adixon3,qw,08/14/2026,12:36:57,1
57656604,0.00494,S0_99_vf_5,adixon3,qw,08/14/2026,12:36:57,1
57656605,0.00494,S0_99_vf_5,adixon3,qw,08/14/2026,12:36:57,1
57656606,0.00494,S0_99_vf_5,adixon3,qw,08/14/2026,12:36:57,1
57656607,0.00494,S0_99_vf_5,adixon3,qw,08/14/2026,12:36:57,1
57656608,0.00494,S0_99_vf_5,adixon3,qw,08/14/2026,12:36:57,1
57656609,0.00494,S0_99_vf_5,adixon3,qw,08/14/2026,12:36:57,1
57656610,0.00494,S0_99_vf_5,adixon3,qw,08/14/2026,12:36:57,1
57656611,0.00494,S0_99_vf_5,adixon3,qw,08/14/2026,12:36:57,1
57656612,0.00494,S0_99_vf_5,adixon3,qw,08/14/2026,12:36:57,1
57656613,0.00494,S0_99_vf_5,adixon3,qw,08/14/2026,12:36:58,1
57656614,0.00494,S0_99_vf_5,adixon3,qw,08/14/2026,12:36:58,1
57656615,0.00494,S0_99_vf_5,adixon3,qw,08/14/2026,12:36:58,1
57656616,0.00494,S0_99_vf_5,adixon3,qw,08/14/2026,12:36:58,1
57656617,0.00494,S0_99_vf_5,adixon3,qw,08/14/2026,12:36:58,1
57656618,0.00494,S0_99_vf_5,adixon3,qw,08/14/2026,12:36:58,1
57656619,0.00494,S0_99_vf_5,adixon3,qw,08/14/2026,12:36:58,1
57656620,0.00494,S0_99_vf_5,adixon3,qw,08/14/2026,12:36:58,1
57656621,0.00494,S0_99_vf_5,adixon3,qw,08/14/2026,12:36:58,1
57656622,0.00494,S0_99_vf_5,adixon3,qw,08/14/2026,12:36:58,1
57656623,0.00494,S0_99_vf_5,adixon3,qw,08/14/2026,12:36:58,1
57656624,0.00494,S0_99_vf_5,adixon3,qw,08/14/2026,12:36:58,1
57656625,0.00494,S0_99_vf_5,adixon3,qw,08/14/2026,12:36:58,1
57656626,0.00494,S0_99_vf_5,adixon3,qw,08/14/2026,12:36:58,1
57656627,0.00494,S0_99_vf_5,adixon3,qw,08/14/2026,12:36:58,1
57656628,0.00494,S0_99_vf_5,adixon3,qw,08/14/2026,12:36:58,1
57656629,0.00494,S0_99_vf_5,adixon3,qw,08/14/2026,12:36:58,1
57656630,0.00494,S0_99_vf_5,adixon3,qw,08/14/2026,12:36:58,1
57656631,0.00494,S0_99_vf_5,adixon3,qw,08/14/2026,12:36:59,1
57656632,0.00494,S0_99_vf_5,adixon3,qw,08/14/2026,12:36:59,1
57656633,0.00494,S0_99_vf_5,adixon3,qw,08/14/2026,12:36:59,1
57656634,0.00494,S0_99_vf_5,adixon3,qw,08/14/2026,12:36:59,1
57656635,0.00494,S0_99_vf_5,adixon3,qw,08/14/2026,12:36:59,1
57656636,0.00494,S0_99_vf_5,adixon3,qw,08/14/2026,12:36:59,1
57656637,0.00494,S0_99_vf_5,adixon3,qw,08/14/2026,12:36:59,1
57656638,0.00494,S0_99_vf_5,adixon3,qw,08/14/2026,12:36:59,1
57656639,0.00494,S0_99_vf_5,adixon3,qw,08/14/2026,12:36:59,1
57656640,0.00494,S0_99_vf_5,adixon3,qw,08/14/2026,12:36:59,1
57656641,0.00494,S0_99_vf_5,adixon3,qw,08/14/2026,12:36:59,1
57656642,0.00494,S0_99_vf_5,adixon3,qw,08/14/2026,12:36:59,1
57656643,0.00494,S0_99_vf_5,adixon3,qw,08/14/2026,12:36:59,1
57656644,0.00494,S0_99_vf_5,adixon3,qw,08/14/2026,12:36:59,1
57656645,0.00494,S0_99_vf_5,adixon3,qw,08/14/2026,12:36:59,1
57656646,0.00494,S0_99_vf_5,adixon3,qw,08/14/2026,12:36:59,1
57656647,0.00494,S0_99_vf_5,adixon3,qw,08/14/2026,12:36:59,1
57656648,0.00494,S0_99_vf_5,adixon3,qw,08/14/2026,12:36:59,1
57656649,0.00494,S0_99_vf_5,adixon3,qw,08/14/2026,12:37:00,1
57656650,0.00494,S0_99_vf_5,adixon3,qw,08/14/2026,12:37:00,1
57656651,0.00494,S0_99_vf_5,adixon3,qw,08/14/2026,12:37:00,1
57656652,0.00494,S0_99_vf_5,adixon3,qw,08/14/2026,12:37:00,1
57656653,0.00494,S0_99_vf_5,adixon3,qw,08/14/2026,12:37:00,1
57656654,0.00494,S0_99_vf_5,adixon3,qw,08/14/2026,12:37:00,1
57656655,0.00494,S0_99_vf_5,adixon3,qw,08/14/2026,12:37:00,1
57656656,0.00494,S0_99_vf_5,adixon3,qw,08/14/2026,12:37:00,1
57656657,0.00494,S0_99_vf_5,adixon3,qw,08/14/2026,12:37:00,1
57656658,0.00494,S0_99_vf_5,adixon3,qw,08/14/2026,12:37:00,1
57656659,0.00494,S0_99_vf_5,adixon3,qw,08/14/2026,12:37:00,1
57656660,0.00494,S0_99_vf_5,adixon3,qw,08/14/2026,12:37:00,1
57656661,0.00494,S0_99_vf_5,adixon3,qw,08/14/2026,12:37:00,1
57656662,0.00494,S0_99_vf_5,adixon3,qw,08/14/2026,12:37:00,1
57656663,0.00494,S0_99_vf_5,adixon3,qw,08/14/2026,12:37:00,1
57656664,0.00494,S0_99_vf_5,adixon3,qw,08/14/2026,12:37:00,1
57656665,0.00494,S0_99_vf_5,adixon3,qw,08/14/2026,12:37:00,1
57656666,0.00494,S0_99_vf_5,adixon3,qw,08/14/2026,12:37:00,1
57656667,0.00494,S0_99_vf_5,adixon3,qw,08/14/2026,12:37:01,1
57656668,0.00494,S0_99_vf_5,adixon3,qw,08/14/2026,12:37:01,1
57656669,0.00494,S0_99_vf_5,adixon3,qw,08/14/2026,12:37:01,1
57656670,0.00494,S0_99_vf_5,adixon3,qw,08/14/2026,12:37:01,1
57656671,0.00494,S0_99_vf_5,adixon3,qw,08/14/2026,12:37:01,1
57656672,0.00494,S0_99_vf_5,adixon3,qw,08/14/2026,12:37:01,1
57656673,0.00494,S0_99_vf_5,adixon3,qw,08/14/2026,12:37:01,1
57656674,0.00494,S0_99_vf_5,adixon3,qw,08/14/2026,12:37:01,1
57656675,0.00494,S0_99_vf_5,adixon3,qw,08/14/2026,12:37:01,1
57656676,0.00494,S0_99_vf_5,adixon3,qw,08/14/2026,12:37:01,1
57656677,0.00494,S0_99_vf_5,adixon3,qw,08/14/2026,12:37:01,1
57656678,0.00494,S0_99_vf_5,adixon3,qw,08/14/2026,12:37:01,1
57656679,0.00494,S0_99_vf_5,adixon3,qw,08/14/2026,12:37:01,1
57656680,0.00494,S0_99_vf_5,adixon3,qw,08/14/2026,12:37:01,1
57656681,0.00494,S0_99_vf_5,adixon3,qw,08/14/2026,12:37:01,1
57656682,0.00494,S0_99_vf_5,adixon3,qw,08/14/2026,12:37:01,1
57656683,0.00494,S0_99_vf_5,adixon3,qw,08/14/2026,12:37:02,1
57656684,0.00494,S0_99_vf_5,adixon3,qw,08/14/2026,12:37:02,1
57656685,0.00494,S0_99_vf_5,adixon3,qw,08/14/2026,12:37:02,1
57656686,0.00494,S0_99_vf_5,adixon3,qw,08/14/2026,12:37:02,1
57656687,0.00494,S0_99_vf_5,adixon3,qw,08/14/2026,12:37:02,1
57656688,0.00494,S0_99_vf_5,adixon3,qw,08/14/2026,12:37:02,1
57656689,0.00494,S0_99_vf_5,adixon3,qw,08/14/2026,12:37:02,1
57656690,0.00494,S0_99_vf_5,adixon3,qw,08/14/2026,12:37:02,1
57656691,0.00494,S0_99_vf_5,adixon3,qw,08/14/2026,12:37:02,1
57656692,0.00494,S0_99_vf_5,adixon3,qw,08/14/2026,12:37:02,1
57656693,0.00494,S0_99_vf_5,adixon3,qw,08/14/2026,12:37:02,1
57656694,0.00494,S0_99_vf_5,adixon3,qw,08/14/2026,12:37:02,1
57656695,0.00494,S0_99_vf_5,adixon3,qw,08/14/2026,12:37:02,1
57656696,0.00494,S0_99_vf_5,adixon3,qw,08/14/2026,12:37:02,1
57656697,0.00494,S0_99_vf_5,adixon3,qw,08/14/2026,12:37:02,1
57656698,0.00494,S0_99_vf_5,adixon3,qw,08/14/2026,12:37:02,1
57656699,0.00494,S0_99_vf_5,adixon3,qw,08/14/2026,12:37:02,1
57656700,0.00494,S0_99_vf_5,adixon3,qw,08/14/2026,12:37:02,1
57656701,0.00494,S0_99_vf_5,adixon3,qw,08/14/2026,12:37:02,1
57656702,0.00494,S0_99_vf_5,adixon3,qw,08/14/2026,12:37:03,1
57656703,0.00494,S0_99_vf_5,adixon3,qw,08/14/2026,12:37:03,1
57656704,0.00494,S0_99_vf_5,adixon3,qw,08/14/2026,12:37:03,1
57656705,0.00494,S0_99_vf_5,adixon3,qw,08/14/2026,12:37:03,1
57656706,0.00494,S0_99_vf_5,adixon3,qw,08/14/2026,12:37:03,1
57656707,0.00494,S0_99_vf_5,adixon3,qw,08/14/2026,12:37:03,1
57656708,0.00494,S0_99_vf_5,adixon3,qw,08/14/2026,12:37:03,1
57656709,0.00494,S0_99_vf_5,adixon3,qw,08/14/2026,12:37:03,1
57656710,0.00494,S0_99_vf_5,adixon3,qw,08/14/2026,12:37:03,1
57656711,0.00494,S0_99_vf_5,adixon3,qw,08/14/2026,12:37:03,1
57656712,0.00494,S0_99_vf_5,adixon3,qw,08/14/2026,12:37:03,1
57656713,0.00494,S0_99_vf_5,adixon3,qw,08/14/2026,12:37:03,1
57656714,0.00494,S0_99_vf_5,adixon3,qw,08/14/2026,12:37:03,1
57656715,0.00494,S0_99_vf_5,adixon3,qw,08/14/2026,12:37:03,1
57656716,0.00494,S0_99_vf_5,adixon3,qw,08/14/2026,12:37:03,1
57656717,0.00494,S0_99_vf_5,adixon3,qw,08/14/2026,12:37:03,1
57656718,0.00494,S0_99_vf_5,adixon3,qw,08/14/2026,12:37:03,1
57656719,0.00494,S0_99_vf_5,adixon3,qw,08/14/2026,12:37:03,1
57656720,0.00494,S0_99_vf_5,adixon3,qw,08/14/2026,12:37:04,1
57656721,0.00494,S0_99_vf_5,adixon3,qw,08/14/2026,12:37:04,1
57656722,0.00494,S0_99_vf_5,adixon3,qw,08/14/2026,12:37:04,1
57656723,0.00494,S0_99_vf_5,adixon3,qw,08/14/2026,12:37:04,1
57656724,0.00494,S0_99_vf_5,adixon3,qw,08/14/2026,12:37:04,1
57656725,0.00494,S0_99_vf_5,adixon3,qw,08/14/2026,12:37:04,1
57656726,0.00494,S0_80_vf_5,adixon3,qw,08/14/2026,12:37:04,1
57656727,0.00494,S0_80_vf_5,adixon3,qw,08/14/2026,12:37:04,1
57656728,0.00494,S0_80_vf_5,adixon3,qw,08/14/2026,12:37:04,1
57656729,0.00494,S0_80_vf_5,adixon3,qw,08/14/2026,12:37:04,1
57656730,0.00494,S0_80_vf_5,adixon3,qw,08/14/2026,12:37:04,1
57656731,0.00494,S0_80_vf_5,adixon3,qw,08/14/2026,12:37:04,1
57656732,0.00494,S0_80_vf_5,adixon3,qw,08/14/2026,12:37:04,1
57656733,0.00494,S0_80_vf_5,adixon3,qw,08/14/2026,12:37:04,1
57656734,0.00494,S0_80_vf_5,adixon3,qw,08/14/2026,12:37:04,1
57656735,0.00494,S0_80_vf_5,adixon3,qw,08/14/2026,12:37:04,1
57656736,0.00494,S0_80_vf_5,adixon3,qw,08/14/2026,12:37:04,1
57656737,0.00494,S0_80_vf_5,adixon3,qw,08/14/2026,12:37:05,1
57656738,0.00494,S0_80_vf_5,adixon3,qw,08/14/2026,12:37:05,1
57656739,0.00494,S0_80_vf_5,adixon3,qw,08/14/2026,12:37:05,1
57656740,0.00494,S0_80_vf_5,adixon3,qw,08/14/2026,12:37:05,1
57656741,0.00494,S0_80_vf_5,adixon3,qw,08/14/2026,12:37:05,1
57656742,0.00494,S0_80_vf_5,adixon3,qw,08/14/2026,12:37:05,1
57656743,0.00494,S0_80_vf_5,adixon3,qw,08/14/2026,12:37:05,1
57656744,0.00494,S0_80_vf_5,adixon3,qw,08/14/2026,12:37:05,1
57656745,0.00494,S0_80_vf_5,adixon3,qw,08/14/2026,12:37:05,1
57656746,0.00494,S0_80_vf_5,adixon3,qw,08/14/2026,12:37:05,1
57656747,0.00494,S0_80_vf_5,adixon3,qw,08/14/2026,12:37:05,1
57656748,0.00494,S0_80_vf_5,adixon3,qw,08/14/2026,12:37:05,1
57656749,0.00494,S0_80_vf_5,adixon3,qw,08/14/2026,12:37:05,1
57656750,0.00494,S0_80_vf_5,adixon3,qw,08/14/2026,12:37:05,1
57656751,0.00494,S0_80_vf_5,adixon3,qw,08/14/2026,12:37:05,1
57656752,0.00494,S0_80_vf_5,adixon3,qw,08/14/2026,12:37:05,1
57656753,0.00494,S0_80_vf_5,adixon3,qw,08/14/2026,12:37:05,1
57656754,0.00494,S0_80_vf_5,adixon3,qw,08/14/2026,12:37:06,1
57656755,0.00494,S0_80_vf_5,adixon3,qw,08/14/2026,12:37:06,1
57656756,0.00494,S0_80_vf_5,adixon3,qw,08/14/2026,12:37:06,1
57656757,0.00494,S0_80_vf_5,adixon3,qw,08/14/2026,12:37:06,1
57656758,0.00494,S0_80_vf_5,adixon3,qw,08/14/2026,12:37:06,1
57656759,0.00494,S0_80_vf_5,adixon3,qw,08/14/2026,12:37:06,1
57656760,0.00494,S0_80_vf_5,adixon3,qw,08/14/2026,12:37:06,1
57656761,0.00494,S0_80_vf_5,adixon3,qw,08/14/2026,12:37:06,1
57656762,0.00494,S0_80_vf_5,adixon3,qw,08/14/2026,12:37:06,1
57656763,0.00494,S0_80_vf_5,adixon3,qw,08/14/2026,12:37:06,1
57656764,0.00494,S0_80_vf_5,adixon3,qw,08/14/2026,12:37:06,1
57656765,0.00494,S0_80_vf_5,adixon3,qw,08/14/2026,12:37:06,1
57656766,0.00494,S0_80_vf_5,adixon3,qw,08/14/2026,12:37:06,1
57656767,0.00494,S0_80_vf_5,adixon3,qw,08/14/2026,12:37:06,1
57656768,0.00494,S0_80_vf_5,adixon3,qw,08/14/2026,12:37:06,1
57656769,0.00494,S0_80_vf_5,adixon3,qw,08/14/2026,12:37:06,1
57656770,0.00494,S0_80_vf_5,adixon3,qw,08/14/2026,12:37:06,1
57656771,0.00494,S0_80_vf_5,adixon3,qw,08/14/2026,12:37:06,1
57656772,0.00494,S0_80_vf_5,adixon3,qw,08/14/2026,12:37:06,1
57656773,0.00494,S0_80_vf_5,adixon3,qw,08/14/2026,12:37:07,1
57656774,0.00494,S0_80_vf_5,adixon3,qw,08/14/2026,12:37:07,1
57656775,0.00494,S0_80_vf_5,adixon3,qw,08/14/2026,12:37:07,1
57656776,0.00494,S0_80_vf_5,adixon3,qw,08/14/2026,12:37:07,1
57656777,0.00494,S0_80_vf_5,adixon3,qw,08/14/2026,12:37:07,1
57656778,0.00494,S0_80_vf_5,adixon3,qw,08/14/2026,12:37:07,1
57656779,0.00494,S0_80_vf_5,adixon3,qw,08/14/2026,12:37:07,1
57656780,0.00494,S0_80_vf_5,adixon3,qw,08/14/2026,12:37:08,1
57656781,0.00494,S0_80_vf_5,adixon3,qw,08/14/2026,12:37:08,1
57656782,0.00494,S0_80_vf_5,adixon3,qw,08/14/2026,12:37:09,1
57656783,0.00494,S0_80_vf_5,adixon3,qw,08/14/2026,12:37:09,1
57656784,0.00494,S0_80_vf_5,adixon3,qw,08/14/2026,12:37:09,1
57656785,0.00494,S0_80_vf_5,adixon3,qw,08/14/2026,12:37:10,1
57656786,0.00494,S0_80_vf_5,adixon3,qw,08/14/2026,12:37:10,1
57656787,0.00494,S0_80_vf_5,adixon3,qw,08/14/2026,12:37:10,1
57656788,0.00494,S0_80_vf_5,adixon3,qw,08/14/2026,12:37:10,1
57656789,0.00494,S0_80_vf_5,adixon3,qw,08/14/2026,12:37:10,1
57656790,0.00494,S0_80_vf_5,adixon3,qw,08/14/2026,12:37:10,1
57656791,0.00494,S0_80_vf_5,adixon3,qw,08/14/2026,12:37:10,1
57656792,0.00494,S0_80_vf_5,adixon3,qw,08/14/2026,12:37:10,1
57656793,0.00494,S0_80_vf_5,adixon3,qw,08/14/2026,12:37:10,1
57656794,0.00494,S0_80_vf_5,adixon3,qw,08/14/2026,12:37:10,1
57656795,0.00494,S0_80_vf_5,adixon3,qw,08/14/2026,12:37:10,1
57656796,0.00494,S0_80_vf_5,adixon3,qw,08/14/2026,12:37:10,1
57656797,0.00494,S0_80_vf_5,adixon3,qw,08/14/2026,12:37:10,1
57656798,0.00494,S0_80_vf_5,adixon3,qw,08/14/2026,12:37:10,1
57656799,0.00494,S0_80_vf_5,adixon3,qw,08/14/2026,12:37:11,1
57656800,0.00494,S0_80_vf_5,adixon3,qw,08/14/2026,12:37:11,1
57656801,0.00494,S0_80_vf_5,adixon3,qw,08/14/2026,12:37:11,1
57656802,0.00494,S0_80_vf_5,adixon3,qw,08/14/2026,12:37:11,1
57656803,0.00494,S0_80_vf_5,adixon3,qw,08/14/2026,12:37:11,1
57656804,0.00494,S0_80_vf_5,adixon3,qw,08/14/2026,12:37:11,1
57656805,0.00494,S0_80_vf_5,adixon3,qw,08/14/2026,12:37:11,1
57656806,0.00494,S0_80_vf_5,adixon3,qw,08/14/2026,12:37:11,1
57656807,0.00494,S0_80_vf_5,adixon3,qw,08/14/2026,12:37:11,1
57656808,0.00494,S0_80_vf_5,adixon3,qw,08/14/2026,12:37:11,1
57656809,0.00494,S0_80_vf_5,adixon3,qw,08/14/2026,12:37:11,1
57656810,0.00494,S0_80_vf_5,adixon3,qw,08/14/2026,12:37:11,1
57656811,0.00494,S0_80_vf_5,adixon3,qw,08/14/2026,12:37:11,1
57656812,0.00494,S0_80_vf_5,adixon3,qw,08/14/2026,12:37:11,1
57656813,0.00494,S0_80_vf_5,adixon3,qw,08/14/2026,12:37:11,1
57656814,0.00494,S0_80_vf_5,adixon3,qw,08/14/2026,12:37:11,1
57656815,0.00494,S0_80_vf_5,adixon3,qw,08/14/2026,12:37:11,1
57656816,0.00494,S0_80_vf_5,adixon3,qw,08/14/2026,12:37:12,1
57656817,0.00494,S0_80_vf_5,adixon3,qw,08/14/2026,12:37:12,1
57656818,0.00494,S0_80_vf_5,adixon3,qw,08/14/2026,12:37:12,1
57656819,0.00494,S0_80_vf_5,adixon3,qw,08/14/2026,12:37:12,1
57656820,0.00494,S0_80_vf_5,adixon3,qw,08/14/2026,12:37:12,1
57656821,0.00494,S0_80_vf_5,adixon3,qw,08/14/2026,12:37:12,1
57656822,0.00494,S0_80_vf_5,adixon3,qw,08/14/2026,12:37:12,1
57656823,0.00494,S0_80_vf_5,adixon3,qw,08/14/2026,12:37:12,1
57656824,0.00494,S0_80_vf_5,adixon3,qw,08/14/2026,12:37:12,1
57656825,0.00494,S0_80_vf_5,adixon3,qw,08/14/2026,12:37:12,1
57656826,0.00494,S0_80_vf_5,adixon3,qw,08/14/2026,12:37:12,1
57656827,0.00494,S0_80_vf_5,adixon3,qw,08/14/2026,12:37:12,1
57656828,0.00494,S0_80_vf_5,adixon3,qw,08/14/2026,12:37:12,1
57656829,0.00494,S0_80_vf_5,adixon3,qw,08/14/2026,12:37:12,1
57656830,0.00494,S0_80_vf_5,adixon3,qw,08/14/2026,12:37:12,1
57656831,0.00494,S0_80_vf_5,adixon3,qw,08/14/2026,12:37:12,1
57656832,0.00494,S0_80_vf_5,adixon3,qw,08/14/2026,12:37:12,1
57656833,0.00494,S0_80_vf_5,adixon3,qw,08/14/2026,12:37:12,1
57656834,0.00494,S0_80_vf_5,adixon3,qw,08/14/2026,12:37:13,1
57656835,0.00494,S0_80_vf_5,adixon3,qw,08/14/2026,12:37:13,1
57656836,0.00494,S0_80_vf_5,adixon3,qw,08/14/2026,12:37:13,1
57656837,0.00494,S0_80_vf_5,adixon3,qw,08/14/2026,12:37:13,1
57656838,0.00494,S0_80_vf_5,adixon3,qw,08/14/2026,12:37:14,1
57656839,0.00494,S0_80_vf_5,adixon3,qw,08/14/2026,12:37:14,1
57656840,0.00494,S0_80_vf_5,adixon3,qw,08/14/2026,12:37:14,1
57656841,0.00494,S0_80_vf_5,adixon3,qw,08/14/2026,12:37:14,1
57656842,0.00494,S0_80_vf_5,adixon3,qw,08/14/2026,12:37:14,1
57656843,0.00494,S0_80_vf_5,adixon3,qw,08/14/2026,12:37:15,1
57656844,0.00494,S0_80_vf_5,adixon3,qw,08/14/2026,12:37:15,1
57656845,0.00494,S0_80_vf_5,adixon3,qw,08/14/2026,12:37:15,1
57656846,0.00494,S0_80_vf_5,adixon3,qw,08/14/2026,12:37:15,1
57656847,0.00494,S0_80_vf_5,adixon3,qw,08/14/2026,12:37:15,1
57656848,0.00494,S0_80_vf_5,adixon3,qw,08/14/2026,12:37:15,1
57656849,0.00494,S0_80_vf_5,adixon3,qw,08/14/2026,12:37:15,1
57656850,0.00494,S0_80_vf_5,adixon3,qw,08/14/2026,12:37:15,1
57656851,0.00494,S0_80_vf_5,adixon3,qw,08/14/2026,12:37:15,1
57656852,0.00494,S0_80_vf_5,adixon3,qw,08/14/2026,12:37:15,1
57656853,0.00494,S0_80_vf_5,adixon3,qw,08/14/2026,12:37:16,1
57656854,0.00494,S0_80_vf_5,adixon3,qw,08/14/2026,12:37:16,1
57656855,0.00494,S0_80_vf_5,adixon3,qw,08/14/2026,12:37:16,1
57656856,0.00494,S0_80_vf_5,adixon3,qw,08/14/2026,12:37:16,1
57656857,0.00494,S0_80_vf_5,adixon3,qw,08/14/2026,12:37:16,1
57656858,0.00494,S0_80_vf_5,adixon3,qw,08/14/2026,12:37:16,1
57656859,0.00494,S0_80_vf_5,adixon3,qw,08/14/2026,12:37:16,1
57656860,0.00494,S0_80_vf_5,adixon3,qw,08/14/2026,12:37:17,1
57656861,0.00494,S0_80_vf_5,adixon3,qw,08/14/2026,12:37:17,1
57656862,0.00494,S0_80_vf_5,adixon3,qw,08/14/2026,12:37:17,1
57656863,0.00494,S0_80_vf_5,adixon3,qw,08/14/2026,12:37:17,1
57656864,0.00494,S0_80_vf_5,adixon3,qw,08/14/2026,12:37:17,1
57656865,0.00494,S0_80_vf_5,adixon3,qw,08/14/2026,12:37:17,1
57656866,0.00494,S0_80_vf_5,adixon3,qw,08/14/2026,12:37:17,1
57656867,0.00494,S0_80_vf_5,adixon3,qw,08/14/2026,12:37:17,1
57656868,0.00494,S0_80_vf_5,adixon3,qw,08/14/2026,12:37:17,1
57656869,0.00494,S0_80_vf_5,adixon3,qw,08/14/2026,12:37:17,1
57656870,0.00494,S0_80_vf_5,adixon3,qw,08/14/2026,12:37:17,1
57656871,0.00494,S0_80_vf_5,adixon3,qw,08/14/2026,12:37:17,1
57656872,0.00494,S0_80_vf_5,adixon3,qw,08/14/2026,12:37:17,1
57656873,0.00494,S0_80_vf_5,adixon3,qw,08/14/2026,12:37:17,1
57656874,0.00494,S0_80_vf_5,adixon3,qw,08/14/2026,12:37:17,1
57656875,0.00494,S0_80_vf_5,adixon3,qw,08/14/2026,12:37:17,1
57656876,0.00494,S0_60_vf_5,adixon3,qw,08/14/2026,12:37:18,1
57656877,0.00494,S0_60_vf_5,adixon3,qw,08/14/2026,12:37:18,1
57656878,0.00494,S0_60_vf_5,adixon3,qw,08/14/2026,12:37:18,1
57656879,0.00494,S0_60_vf_5,adixon3,qw,08/14/2026,12:37:18,1
57656880,0.00494,S0_60_vf_5,adixon3,qw,08/14/2026,12:37:18,1
57656881,0.00494,S0_60_vf_5,adixon3,qw,08/14/2026,12:37:18,1
57656882,0.00494,S0_60_vf_5,adixon3,qw,08/14/2026,12:37:18,1
57656883,0.00494,S0_60_vf_5,adixon3,qw,08/14/2026,12:37:18,1
57656884,0.00494,S0_60_vf_5,adixon3,qw,08/14/2026,12:37:18,1
57656885,0.00494,S0_60_vf_5,adixon3,qw,08/14/2026,12:37:18,1
57656886,0.00494,S0_60_vf_5,adixon3,qw,08/14/2026,12:37:18,1
57656887,0.00494,S0_60_vf_5,adixon3,qw,08/14/2026,12:37:18,1
57656888,0.00494,S0_60_vf_5,adixon3,qw,08/14/2026,12:37:18,1
57656889,0.00494,S0_60_vf_5,adixon3,qw,08/14/2026,12:37:18,1
57656890,0.00494,S0_60_vf_5,adixon3,qw,08/14/2026,12:37:18,1
57656891,0.00494,S0_60_vf_5,adixon3,qw,08/14/2026,12:37:18,1
57656892,0.00494,S0_60_vf_5,adixon3,qw,08/14/2026,12:37:18,1
57656893,0.00494,S0_60_vf_5,adixon3,qw,08/14/2026,12:37:18,1
57656894,0.00494,S0_60_vf_5,adixon3,qw,08/14/2026,12:37:18,1
57656895,0.00494,S0_60_vf_5,adixon3,qw,08/14/2026,12:37:19,1
57656896,0.00494,S0_60_vf_5,adixon3,qw,08/14/2026,12:37:19,1
57656897,0.00494,S0_60_vf_5,adixon3,qw,08/14/2026,12:37:19,1
57656898,0.00494,S0_60_vf_5,adixon3,qw,08/14/2026,12:37:19,1
57656899,0.00494,S0_60_vf_5,adixon3,qw,08/14/2026,12:37:19,1
57656900,0.00494,S0_60_vf_5,adixon3,qw,08/14/2026,12:37:19,1
57656901,0.00494,S0_60_vf_5,adixon3,qw,08/14/2026,12:37:19,1
57656902,0.00494,S0_60_vf_5,adixon3,qw,08/14/2026,12:37:19,1
57656903,0.00494,S0_60_vf_5,adixon3,qw,08/14/2026,12:37:19,1
57656904,0.00494,S0_60_vf_5,adixon3,qw,08/14/2026,12:37:19,1
57656905,0.00494,S0_60_vf_5,adixon3,qw,08/14/2026,12:37:19,1
57656906,0.00494,S0_60_vf_5,adixon3,qw,08/14/2026,12:37:19,1
57656907,0.00494,S0_60_vf_5,adixon3,qw,08/14/2026,12:37:19,1
57656908,0.00494,S0_60_vf_5,adixon3,qw,08/14/2026,12:37:19,1
57656910,0.00494,S0_60_vf_5,adixon3,qw,08/14/2026,12:37:19,1
57656911,0.00494,S0_60_vf_5,adixon3,qw,08/14/2026,12:37:19,1
57656912,0.00494,S0_60_vf_5,adixon3,qw,08/14/2026,12:37:19,1
57656913,0.00494,S0_60_vf_5,adixon3,qw,08/14/2026,12:37:19,1
57656914,0.00494,S0_60_vf_5,adixon3,qw,08/14/2026,12:37:20,1
57656915,0.00494,S0_60_vf_5,adixon3,qw,08/14/2026,12:37:20,1
57656916,0.00494,S0_60_vf_5,adixon3,qw,08/14/2026,12:37:20,1
57656917,0.00494,S0_60_vf_5,adixon3,qw,08/14/2026,12:37:20,1
57656918,0.00494,S0_60_vf_5,adixon3,qw,08/14/2026,12:37:20,1
57656919,0.00494,S0_60_vf_5,adixon3,qw,08/14/2026,12:37:20,1
57656920,0.00494,S0_60_vf_5,adixon3,qw,08/14/2026,12:37:20,1
57656921,0.00494,S0_60_vf_5,adixon3,qw,08/14/2026,12:37:20,1
57656922,0.00494,S0_60_vf_5,adixon3,qw,08/14/2026,12:37:20,1
57656923,0.00494,S0_60_vf_5,adixon3,qw,08/14/2026,12:37:20,1
57656924,0.00494,S0_60_vf_5,adixon3,qw,08/14/2026,12:37:20,1
57656925,0.00494,S0_60_vf_5,adixon3,qw,08/14/2026,12:37:20,1
57656926,0.00494,S0_60_vf_5,adixon3,qw,08/14/2026,12:37:20,1
57656927,0.00494,S0_60_vf_5,adixon3,qw,08/14/2026,12:37:20,1
57656928,0.00494,S0_60_vf_5,adixon3,qw,08/14/2026,12:37:20,1
57656929,0.00494,S0_60_vf_5,adixon3,qw,08/14/2026,12:37:20,1
57656930,0.00494,S0_60_vf_5,adixon3,qw,08/14/2026,12:37:20,1
57656931,0.00494,S0_60_vf_5,adixon3,qw,08/14/2026,12:37:20,1
57656932,0.00494,S0_60_vf_5,adixon3,qw,08/14/2026,12:37:21,1
57656933,0.00494,S0_60_vf_5,adixon3,qw,08/14/2026,12:37:21,1
57656934,0.00494,S0_60_vf_5,adixon3,qw,08/14/2026,12:37:21,1
57656935,0.00494,S0_60_vf_5,adixon3,qw,08/14/2026,12:37:21,1
57656936,0.00494,S0_60_vf_5,adixon3,qw,08/14/2026,12:37:21,1
57656937,0.00494,S0_60_vf_5,adixon3,qw,08/14/2026,12:37:21,1
57656938,0.00494,S0_60_vf_5,adixon3,qw,08/14/2026,12:37:21,1
57656939,0.00494,S0_60_vf_5,adixon3,qw,08/14/2026,12:37:21,1
57656940,0.00494,S0_60_vf_5,adixon3,qw,08/14/2026,12:37:21,1
57656941,0.00494,S0_60_vf_5,adixon3,qw,08/14/2026,12:37:21,1
57656942,0.00494,S0_60_vf_5,adixon3,qw,08/14/2026,12:37:21,1
57656943,0.00494,S0_60_vf_5,adixon3,qw,08/14/2026,12:37:21,1
57656944,0.00494,S0_60_vf_5,adixon3,qw,08/14/2026,12:37:21,1
57656945,0.00494,S0_60_vf_5,adixon3,qw,08/14/2026,12:37:21,1
57656946,0.00494,S0_60_vf_5,adixon3,qw,08/14/2026,12:37:21,1
57656947,0.00494,S0_60_vf_5,adixon3,qw,08/14/2026,12:37:21,1
57656948,0.00494,S0_60_vf_5,adixon3,qw,08/14/2026,12:37:21,1
57656949,0.00494,S0_60_vf_5,adixon3,qw,08/14/2026,12:37:21,1
57656950,0.00494,S0_60_vf_5,adixon3,qw,08/14/2026,12:37:21,1
57656951,0.00494,S0_60_vf_5,adixon3,qw,08/14/2026,12:37:22,1
57656952,0.00494,S0_60_vf_5,adixon3,qw,08/14/2026,12:37:22,1
57656953,0.00494,S0_60_vf_5,adixon3,qw,08/14/2026,12:37:22,1
57656954,0.00494,S0_60_vf_5,adixon3,qw,08/14/2026,12:37:22,1
57656955,0.00494,S0_60_vf_5,adixon3,qw,08/14/2026,12:37:22,1
57656956,0.00494,S0_60_vf_5,adixon3,qw,08/14/2026,12:37:22,1
57656957,0.00494,S0_60_vf_5,adixon3,qw,08/14/2026,12:37:22,1
57656958,0.00494,S0_60_vf_5,adixon3,qw,08/14/2026,12:37:22,1
57656959,0.00494,S0_60_vf_5,adixon3,qw,08/14/2026,12:37:22,1
57656960,0.00494,S0_60_vf_5,adixon3,qw,08/14/2026,12:37:22,1
57656961,0.00494,S0_60_vf_5,adixon3,qw,08/14/2026,12:37:22,1
57656962,0.00494,S0_60_vf_5,adixon3,qw,08/14/2026,12:37:22,1
57656963,0.00494,S0_60_vf_5,adixon3,qw,08/14/2026,12:37:22,1
57656964,0.00494,S0_60_vf_5,adixon3,qw,08/14/2026,12:37:22,1
57656965,0.00494,S0_60_vf_5,adixon3,qw,08/14/2026,12:37:22,1
57656966,0.00494,S0_60_vf_5,adixon3,qw,08/14/2026,12:37:22,1
57656967,0.00494,S0_60_vf_5,adixon3,qw,08/14/2026,12:37:22,1
57656968,0.00494,S0_60_vf_5,adixon3,qw,08/14/2026,12:37:22,1
57656969,0.00494,S0_60_vf_5,adixon3,qw,08/14/2026,12:37:23,1
57656970,0.00494,S0_60_vf_5,adixon3,qw,08/14/2026,12:37:23,1
57656971,0.00494,S0_60_vf_5,adixon3,qw,08/14/2026,12:37:23,1
57656972,0.00494,S0_60_vf_5,adixon3,qw,08/14/2026,12:37:23,1
57656973,0.00494,S0_60_vf_5,adixon3,qw,08/14/2026,12:37:23,1
57656974,0.00494,S0_60_vf_5,adixon3,qw,08/14/2026,12:37:23,1
57656975,0.00494,S0_60_vf_5,adixon3,qw,08/14/2026,12:37:23,1
57656976,0.00494,S0_60_vf_5,adixon3,qw,08/14/2026,12:37:23,1
57656977,0.00494,S0_60_vf_5,adixon3,qw,08/14/2026,12:37:23,1
57656978,0.00494,S0_60_vf_5,adixon3,qw,08/14/2026,12:37:23,1
57656979,0.00494,S0_60_vf_5,adixon3,qw,08/14/2026,12:37:23,1
57656980,0.00494,S0_60_vf_5,adixon3,qw,08/14/2026,12:37:23,1
57656981,0.00494,S0_60_vf_5,adixon3,qw,08/14/2026,12:37:23,1
57656982,0.00494,S0_60_vf_5,adixon3,qw,08/14/2026,12:37:23,1
57656983,0.00494,S0_60_vf_5,adixon3,qw,08/14/2026,12:37:23,1
57656984,0.00494,S0_60_vf_5,adixon3,qw,08/14/2026,12:37:23,1
57656985,0.00494,S0_60_vf_5,adixon3,qw,08/14/2026,12:37:23,1
57656986,0.00494,S0_60_vf_5,adixon3,qw,08/14/2026,12:37:23,1
57656987,0.00494,S0_60_vf_5,adixon3,qw,08/14/2026,12:37:23,1
57656988,0.00494,S0_60_vf_5,adixon3,qw,08/14/2026,12:37:24,1
57656989,0.00494,S0_60_vf_5,adixon3,qw,08/14/2026,12:37:24,1
57656990,0.00494,S0_60_vf_5,adixon3,qw,08/14/2026,12:37:24,1
57656991,0.00494,S0_60_vf_5,adixon3,qw,08/14/2026,12:37:24,1
57656992,0.00494,S0_60_vf_5,adixon3,qw,08/14/2026,12:37:24,1
57656993,0.00494,S0_60_vf_5,adixon3,qw,08/14/2026,12:37:24,1
57656994,0.00494,S0_60_vf_5,adixon3,qw,08/14/2026,12:37:24,1
57656995,0.00494,S0_60_vf_5,adixon3,qw,08/14/2026,12:37:24,1
57656996,0.00494,S0_60_vf_5,adixon3,qw,08/14/2026,12:37:24,1
57656997,0.00494,S0_60_vf_5,adixon3,qw,08/14/2026,12:37:24,1
57656998,0.00494,S0_60_vf_5,adixon3,qw,08/14/2026,12:37:24,1
57656999,0.00494,S0_60_vf_5,adixon3,qw,08/14/2026,12:37:24,1
57657000,0.00494,S0_60_vf_5,adixon3,qw,08/14/2026,12:37:24,1
57657001,0.00494,S0_60_vf_5,adixon3,qw,08/14/2026,12:37:24,1
57657002,0.00494,S0_60_vf_5,adixon3,qw,08/14/2026,12:37:24,1
57657003,0.00494,S0_60_vf_5,adixon3,qw,08/14/2026,12:37:24,1
57657004,0.00494,S0_60_vf_5,adixon3,qw,08/14/2026,12:37:24,1
57657005,0.00494,S0_60_vf_5,adixon3,qw,08/14/2026,12:37:24,1
57657006,0.00494,S0_60_vf_5,adixon3,qw,08/14/2026,12:37:24,1
57657007,0.00494,S0_60_vf_5,adixon3,qw,08/14/2026,12:37:25,1
57657008,0.00494,S0_60_vf_5,adixon3,qw,08/14/2026,12:37:25,1
57657009,0.00494,S0_60_vf_5,adixon3,qw,08/14/2026,12:37:25,1
57657010,0.00494,S0_60_vf_5,adixon3,qw,08/14/2026,12:37:25,1
57657011,0.00494,S0_60_vf_5,adixon3,qw,08/14/2026,12:37:25,1
57657012,0.00494,S0_60_vf_5,adixon3,qw,08/14/2026,12:37:25,1
57657013,0.00494,S0_60_vf_5,adixon3,qw,08/14/2026,12:37:25,1
57657014,0.00494,S0_60_vf_5,adixon3,qw,08/14/2026,12:37:25,1
57657015,0.00494,S0_60_vf_5,adixon3,qw,08/14/2026,12:37:25,1
57657016,0.00494,S0_60_vf_5,adixon3,qw,08/14/2026,12:37:25,1
57657017,0.00494,S0_60_vf_5,adixon3,qw,08/14/2026,12:37:25,1
57657018,0.00494,S0_60_vf_5,adixon3,qw,08/14/2026,12:37:25,1
57657019,0.00494,S0_60_vf_5,adixon3,qw,08/14/2026,12:37:25,1
57657020,0.00494,S0_60_vf_5,adixon3,qw,08/14/2026,12:37:25,1
57657021,0.00494,S0_60_vf_5,adixon3,qw,08/14/2026,12:37:25,1
57657022,0.00494,S0_60_vf_5,adixon3,qw,08/14/2026,12:37:25,1
57657023,0.00494,S0_60_vf_5,adixon3,qw,08/14/2026,12:37:25,1
57657024,0.00494,S0_60_vf_5,adixon3,qw,08/14/2026,12:37:26,1
57657025,0.00494,S0_60_vf_5,adixon3,qw,08/14/2026,12:37:26,1
57657026,0.00494,S0_60_vf_5,adixon3,qw,08/14/2026,12:37:26,1
57657027,0.00494,S0_40_vf_5,adixon3,qw,08/14/2026,12:37:26,1
57657028,0.00494,S0_40_vf_5,adixon3,qw,08/14/2026,12:37:26,1
57657029,0.00494,S0_40_vf_5,adixon3,qw,08/14/2026,12:37:26,1
57657030,0.00494,S0_40_vf_5,adixon3,qw,08/14/2026,12:37:26,1
57657031,0.00494,S0_40_vf_5,adixon3,qw,08/14/2026,12:37:26,1
57657032,0.00494,S0_40_vf_5,adixon3,qw,08/14/2026,12:37:26,1
57657033,0.00494,S0_40_vf_5,adixon3,qw,08/14/2026,12:37:26,1
57657034,0.00494,S0_40_vf_5,adixon3,qw,08/14/2026,12:37:26,1
57657035,0.00494,S0_40_vf_5,adixon3,qw,08/14/2026,12:37:26,1
57657036,0.00494,S0_40_vf_5,adixon3,qw,08/14/2026,12:37:26,1
57657037,0.00494,S0_40_vf_5,adixon3,qw,08/14/2026,12:37:26,1
57657038,0.00494,S0_40_vf_5,adixon3,qw,08/14/2026,12:37:26,1
57657039,0.00494,S0_40_vf_5,adixon3,qw,08/14/2026,12:37:26,1
57657040,0.00494,S0_40_vf_5,adixon3,qw,08/14/2026,12:37:26,1
57657041,0.00494,S0_40_vf_5,adixon3,qw,08/14/2026,12:37:26,1
57657042,0.00494,S0_40_vf_5,adixon3,qw,08/14/2026,12:37:27,1
57657043,0.00494,S0_40_vf_5,adixon3,qw,08/14/2026,12:37:27,1
57657044,0.00494,S0_40_vf_5,adixon3,qw,08/14/2026,12:37:27,1
57657045,0.00494,S0_40_vf_5,adixon3,qw,08/14/2026,12:37:27,1
57657046,0.00494,S0_40_vf_5,adixon3,qw,08/14/2026,12:37:27,1
57657047,0.00494,S0_40_vf_5,adixon3,qw,08/14/2026,12:37:27,1
57657048,0.00494,S0_40_vf_5,adixon3,qw,08/14/2026,12:37:27,1
57657049,0.00494,S0_40_vf_5,adixon3,qw,08/14/2026,12:37:27,1
57657050,0.00494,S0_40_vf_5,adixon3,qw,08/14/2026,12:37:27,1
57657051,0.00494,S0_40_vf_5,adixon3,qw,08/14/2026,12:37:27,1
57657052,0.00494,S0_40_vf_5,adixon3,qw,08/14/2026,12:37:27,1
57657053,0.00494,S0_40_vf_5,adixon3,qw,08/14/2026,12:37:27,1
57657054,0.00494,S0_40_vf_5,adixon3,qw,08/14/2026,12:37:27,1
57657055,0.00494,S0_40_vf_5,adixon3,qw,08/14/2026,12:37:27,1
57657056,0.00494,S0_40_vf_5,adixon3,qw,08/14/2026,12:37:27,1
57657057,0.00494,S0_40_vf_5,adixon3,qw,08/14/2026,12:37:27,1
57657058,0.00494,S0_40_vf_5,adixon3,qw,08/14/2026,12:37:27,1
57657059,0.00494,S0_40_vf_5,adixon3,qw,08/14/2026,12:37:28,1
57657060,0.00494,S0_40_vf_5,adixon3,qw,08/14/2026,12:37:28,1
57657061,0.00494,S0_40_vf_5,adixon3,qw,08/14/2026,12:37:28,1
57657062,0.00494,S0_40_vf_5,adixon3,qw,08/14/2026,12:37:28,1
57657063,0.00494,S0_40_vf_5,adixon3,qw,08/14/2026,12:37:28,1
57657064,0.00494,S0_40_vf_5,adixon3,qw,08/14/2026,12:37:28,1
57657065,0.00494,S0_40_vf_5,adixon3,qw,08/14/2026,12:37:28,1
57657066,0.00494,S0_40_vf_5,adixon3,qw,08/14/2026,12:37:28,1
57657067,0.00494,S0_40_vf_5,adixon3,qw,08/14/2026,12:37:28,1
57657068,0.00494,S0_40_vf_5,adixon3,qw,08/14/2026,12:37:28,1
57657069,0.00494,S0_40_vf_5,adixon3,qw,08/14/2026,12:37:28,1
57657070,0.00494,S0_40_vf_5,adixon3,qw,08/14/2026,12:37:28,1
57657071,0.00494,S0_40_vf_5,adixon3,qw,08/14/2026,12:37:28,1
57657072,0.00494,S0_40_vf_5,adixon3,qw,08/14/2026,12:37:28,1
57657073,0.00494,S0_40_vf_5,adixon3,qw,08/14/2026,12:37:28,1
57657074,0.00494,S0_40_vf_5,adixon3,qw,08/14/2026,12:37:28,1
57657075,0.00494,S0_40_vf_5,adixon3,qw,08/14/2026,12:37:28,1
57657076,0.00494,S0_40_vf_5,adixon3,qw,08/14/2026,12:37:29,1
57657077,0.00494,S0_40_vf_5,adixon3,qw,08/14/2026,12:37:29,1
57657078,0.00494,S0_40_vf_5,adixon3,qw,08/14/2026,12:37:29,1
57657079,0.00494,S0_40_vf_5,adixon3,qw,08/14/2026,12:37:29,1
57657080,0.00494,S0_40_vf_5,adixon3,qw,08/14/2026,12:37:29,1
57657081,0.00494,S0_40_vf_5,adixon3,qw,08/14/2026,12:37:29,1
57657082,0.00494,S0_40_vf_5,adixon3,qw,08/14/2026,12:37:29,1
57657083,0.00494,S0_40_vf_5,adixon3,qw,08/14/2026,12:37:29,1
57657084,0.00494,S0_40_vf_5,adixon3,qw,08/14/2026,12:37:29,1
57657085,0.00494,S0_40_vf_5,adixon3,qw,08/14/2026,12:37:29,1
57657086,0.00494,S0_40_vf_5,adixon3,qw,08/14/2026,12:37:29,1
57657087,0.00494,S0_40_vf_5,adixon3,qw,08/14/2026,12:37:29,1
57657088,0.00494,S0_40_vf_5,adixon3,qw,08/14/2026,12:37:29,1
57657089,0.00494,S0_40_vf_5,adixon3,qw,08/14/2026,12:37:29,1
57657090,0.00494,S0_40_vf_5,adixon3,qw,08/14/2026,12:37:29,1
57657091,0.00494,S0_40_vf_5,adixon3,qw,08/14/2026,12:37:29,1
57657092,0.00494,S0_40_vf_5,adixon3,qw,08/14/2026,12:37:29,1
57657093,0.00494,S0_40_vf_5,adixon3,qw,08/14/2026,12:37:29,1
57657094,0.00494,S0_40_vf_5,adixon3,qw,08/14/2026,12:37:29,1
57657095,0.00494,S0_40_vf_5,adixon3,qw,08/14/2026,12:37:29,1
57657096,0.00494,S0_40_vf_5,adixon3,qw,08/14/2026,12:37:30,1
57657097,0.00494,S0_40_vf_5,adixon3,qw,08/14/2026,12:37:30,1
57657098,0.00494,S0_40_vf_5,adixon3,qw,08/14/2026,12:37:30,1
57657099,0.00494,S0_40_vf_5,adixon3,qw,08/14/2026,12:37:30,1
57657100,0.00494,S0_40_vf_5,adixon3,qw,08/14/2026,12:37:30,1
57657101,0.00494,S0_40_vf_5,adixon3,qw,08/14/2026,12:37:30,1
57657102,0.00494,S0_40_vf_5,adixon3,qw,08/14/2026,12:37:30,1
57657103,0.00494,S0_40_vf_5,adixon3,qw,08/14/2026,12:37:30,1
57657104,0.00494,S0_40_vf_5,adixon3,qw,08/14/2026,12:37:30,1
57657105,0.00494,S0_40_vf_5,adixon3,qw,08/14/2026,12:37:30,1
57657106,0.00494,S0_40_vf_5,adixon3,qw,08/14/2026,12:37:30,1
57657107,0.00494,S0_40_vf_5,adixon3,qw,08/14/2026,12:37:30,1
57657108,0.00494,S0_40_vf_5,adixon3,qw,08/14/2026,12:37:30,1
57657109,0.00494,S0_40_vf_5,adixon3,qw,08/14/2026,12:37:30,1
57657110,0.00494,S0_40_vf_5,adixon3,qw,08/14/2026,12:37:30,1
57657111,0.00494,S0_40_vf_5,adixon3,qw,08/14/2026,12:37:30,1
57657112,0.00494,S0_40_vf_5,adixon3,qw,08/14/2026,12:37:30,1
57657113,0.00494,S0_40_vf_5,adixon3,qw,08/14/2026,12:37:30,1
57657114,0.00494,S0_40_vf_5,adixon3,qw,08/14/2026,12:37:31,1
57657115,0.00494,S0_40_vf_5,adixon3,qw,08/14/2026,12:37:31,1
57657116,0.00494,S0_40_vf_5,adixon3,qw,08/14/2026,12:37:31,1
57657117,0.00494,S0_40_vf_5,adixon3,qw,08/14/2026,12:37:31,1
57657118,0.00494,S0_40_vf_5,adixon3,qw,08/14/2026,12:37:31,1
57657119,0.00494,S0_40_vf_5,adixon3,qw,08/14/2026,12:37:31,1
57657120,0.00494,S0_40_vf_5,adixon3,qw,08/14/2026,12:37:31,1
57657121,0.00494,S0_40_vf_5,adixon3,qw,08/14/2026,12:37:31,1
57657122,0.00494,S0_40_vf_5,adixon3,qw,08/14/2026,12:37:31,1
57657123,0.00494,S0_40_vf_5,adixon3,qw,08/14/2026,12:37:31,1
57657124,0.00494,S0_40_vf_5,adixon3,qw,08/14/2026,12:37:31,1
57657125,0.00494,S0_40_vf_5,adixon3,qw,08/14/2026,12:37:31,1
57657126,0.00494,S0_40_vf_5,adixon3,qw,08/14/2026,12:37:31,1
57657127,0.00494,S0_40_vf_5,adixon3,qw,08/14/2026,12:37:31,1
57657128,0.00494,S0_40_vf_5,adixon3,qw,08/14/2026,12:37:31,1
57657129,0.00494,S0_40_vf_5,adixon3,qw,08/14/2026,12:37:31,1
57657130,0.00494,S0_40_vf_5,adixon3,qw,08/14/2026,12:37:31,1
57657131,0.00494,S0_40_vf_5,adixon3,qw,08/14/2026,12:37:32,1
57657132,0.00494,S0_40_vf_5,adixon3,qw,08/14/2026,12:37:32,1
57657133,0.00494,S0_40_vf_5,adixon3,qw,08/14/2026,12:37:32,1
57657134,0.00494,S0_40_vf_5,adixon3,qw,08/14/2026,12:37:32,1
57657135,0.00494,S0_40_vf_5,adixon3,qw,08/14/2026,12:37:32,1
57657136,0.00494,S0_40_vf_5,adixon3,qw,08/14/2026,12:37:32,1
57657137,0.00494,S0_40_vf_5,adixon3,qw,08/14/2026,12:37:32,1
57657138,0.00494,S0_40_vf_5,adixon3,qw,08/14/2026,12:37:32,1
57657139,0.00494,S0_40_vf_5,adixon3,qw,08/14/2026,12:37:32,1
57657140,0.00494,S0_40_vf_5,adixon3,qw,08/14/2026,12:37:32,1
57657141,0.00494,S0_40_vf_5,adixon3,qw,08/14/2026,12:37:32,1
57657142,0.00494,S0_40_vf_5,adixon3,qw,08/14/2026,12:37:32,1
57657143,0.00494,S0_40_vf_5,adixon3,qw,08/14/2026,12:37:32,1
57657144,0.00494,S0_40_vf_5,adixon3,qw,08/14/2026,12:37:32,1
57657145,0.00494,S0_40_vf_5,adixon3,qw,08/14/2026,12:37:32,1
57657146,0.00494,S0_40_vf_5,adixon3,qw,08/14/2026,12:37:32,1
57657147,0.00494,S0_40_vf_5,adixon3,qw,08/14/2026,12:37:32,1
57657148,0.00494,S0_40_vf_5,adixon3,qw,08/14/2026,12:37:33,1
57657149,0.00494,S0_40_vf_5,adixon3,qw,08/14/2026,12:37:33,1
57657150,0.00494,S0_40_vf_5,adixon3,qw,08/14/2026,12:37:33,1
57657151,0.00494,S0_40_vf_5,adixon3,qw,08/14/2026,12:37:33,1
57657152,0.00494,S0_40_vf_5,adixon3,qw,08/14/2026,12:37:33,1
57657153,0.00494,S0_40_vf_5,adixon3,qw,08/14/2026,12:37:33,1
57657154,0.00494,S0_40_vf_5,adixon3,qw,08/14/2026,12:37:33,1
57657155,0.00494,S0_40_vf_5,adixon3,qw,08/14/2026,12:37:33,1
57657156,0.00494,S0_40_vf_5,adixon3,qw,08/14/2026,12:37:33,1
57657157,0.00494,S0_40_vf_5,adixon3,qw,08/14/2026,12:37:33,1
57657158,0.00494,S0_40_vf_5,adixon3,qw,08/14/2026,12:37:33,1
57657159,0.00494,S0_40_vf_5,adixon3,qw,08/14/2026,12:37:33,1
57657160,0.00494,S0_40_vf_5,adixon3,qw,08/14/2026,12:37:33,1
57657161,0.00494,S0_40_vf_5,adixon3,qw,08/14/2026,12:37:33,1
57657162,0.00494,S0_40_vf_5,adixon3,qw,08/14/2026,12:37:33,1
57657163,0.00494,S0_40_vf_5,adixon3,qw,08/14/2026,12:37:33,1
57657164,0.00494,S0_40_vf_5,adixon3,qw,08/14/2026,12:37:33,1
57657165,0.00494,S0_40_vf_5,adixon3,qw,08/14/2026,12:37:33,1
57657166,0.00494,S0_40_vf_5,adixon3,qw,08/14/2026,12:37:33,1
57657167,0.00494,S0_40_vf_5,adixon3,qw,08/14/2026,12:37:34,1
57657168,0.00494,S0_40_vf_5,adixon3,qw,08/14/2026,12:37:34,1
57657169,0.00494,S0_40_vf_5,adixon3,qw,08/14/2026,12:37:34,1
57657170,0.00494,S0_40_vf_5,adixon3,qw,08/14/2026,12:37:34,1
57657171,0.00494,S0_40_vf_5,adixon3,qw,08/14/2026,12:37:34,1
57657172,0.00494,S0_40_vf_5,adixon3,qw,08/14/2026,12:37:34,1
57657173,0.00494,S0_40_vf_5,adixon3,qw,08/14/2026,12:37:34,1
57657174,0.00494,S0_40_vf_5,adixon3,qw,08/14/2026,12:37:34,1
57657175,0.00494,S0_40_vf_5,adixon3,qw,08/14/2026,12:37:34,1
57657176,0.00494,S0_40_vf_5,adixon3,qw,08/14/2026,12:37:34,1
57657177,0.00494,S0_20_vf_5,adixon3,qw,08/14/2026,12:37:34,1
57657178,0.00494,S0_20_vf_5,adixon3,qw,08/14/2026,12:37:34,1
57657179,0.00494,S0_20_vf_5,adixon3,qw,08/14/2026,12:37:34,1
57657180,0.00494,S0_20_vf_5,adixon3,qw,08/14/2026,12:37:34,1
57657181,0.00494,S0_20_vf_5,adixon3,qw,08/14/2026,12:37:34,1
57657182,0.00494,S0_20_vf_5,adixon3,qw,08/14/2026,12:37:34,1
57657183,0.00494,S0_20_vf_5,adixon3,qw,08/14/2026,12:37:34,1
57657184,0.00494,S0_20_vf_5,adixon3,qw,08/14/2026,12:37:34,1
57657185,0.00494,S0_20_vf_5,adixon3,qw,08/14/2026,12:37:34,1
57657186,0.00494,S0_20_vf_5,adixon3,qw,08/14/2026,12:37:35,1
57657187,0.00494,S0_20_vf_5,adixon3,qw,08/14/2026,12:37:35,1
57657188,0.00494,S0_20_vf_5,adixon3,qw,08/14/2026,12:37:35,1
57657189,0.00494,S0_20_vf_5,adixon3,qw,08/14/2026,12:37:35,1
57657190,0.00494,S0_20_vf_5,adixon3,qw,08/14/2026,12:37:35,1
57657191,0.00494,S0_20_vf_5,adixon3,qw,08/14/2026,12:37:35,1
57657192,0.00494,S0_20_vf_5,adixon3,qw,08/14/2026,12:37:35,1
57657193,0.00494,S0_20_vf_5,adixon3,qw,08/14/2026,12:37:35,1
57657194,0.00494,S0_20_vf_5,adixon3,qw,08/14/2026,12:37:35,1
57657195,0.00494,S0_20_vf_5,adixon3,qw,08/14/2026,12:37:35,1
57657196,0.00494,S0_20_vf_5,adixon3,qw,08/14/2026,12:37:35,1
57657197,0.00494,S0_20_vf_5,adixon3,qw,08/14/2026,12:37:36,1
57657198,0.00494,S0_20_vf_5,adixon3,qw,08/14/2026,12:37:36,1
57657199,0.00494,S0_20_vf_5,adixon3,qw,08/14/2026,12:37:36,1
57657200,0.00494,S0_20_vf_5,adixon3,qw,08/14/2026,12:37:36,1
57657201,0.00494,S0_20_vf_5,adixon3,qw,08/14/2026,12:37:36,1
57657202,0.00494,S0_20_vf_5,adixon3,qw,08/14/2026,12:37:36,1
57657203,0.00494,S0_20_vf_5,adixon3,qw,08/14/2026,12:37:36,1
57657204,0.00494,S0_20_vf_5,adixon3,qw,08/14/2026,12:37:36,1
57657205,0.00494,S0_20_vf_5,adixon3,qw,08/14/2026,12:37:36,1
57657206,0.00494,S0_20_vf_5,adixon3,qw,08/14/2026,12:37:36,1
57657207,0.00494,S0_20_vf_5,adixon3,qw,08/14/2026,12:37:36,1
57657208,0.00494,S0_20_vf_5,adixon3,qw,08/14/2026,12:37:36,1
57657209,0.00494,S0_20_vf_5,adixon3,qw,08/14/2026,12:37:36,1
57657210,0.00494,S0_20_vf_5,adixon3,qw,08/14/2026,12:37:36,1
57657211,0.00494,S0_20_vf_5,adixon3,qw,08/14/2026,12:37:37,1
57657212,0.00494,S0_20_vf_5,adixon3,qw,08/14/2026,12:37:37,1
57657213,0.00494,S0_20_vf_5,adixon3,qw,08/14/2026,12:37:37,1
57657214,0.00494,S0_20_vf_5,adixon3,qw,08/14/2026,12:37:37,1
57657215,0.00494,S0_20_vf_5,adixon3,qw,08/14/2026,12:37:37,1
57657216,0.00494,S0_20_vf_5,adixon3,qw,08/14/2026,12:37:37,1
57657217,0.00494,S0_20_vf_5,adixon3,qw,08/14/2026,12:37:37,1
57657218,0.00494,S0_20_vf_5,adixon3,qw,08/14/2026,12:37:37,1
57657219,0.00494,S0_20_vf_5,adixon3,qw,08/14/2026,12:37:37,1
57657220,0.00494,S0_20_vf_5,adixon3,qw,08/14/2026,12:37:37,1
57657221,0.00494,S0_20_vf_5,adixon3,qw,08/14/2026,12:37:37,1
57657222,0.00494,S0_20_vf_5,adixon3,qw,08/14/2026,12:37:37,1
57657223,0.00494,S0_20_vf_5,adixon3,qw,08/14/2026,12:37:37,1
57657224,0.00494,S0_20_vf_5,adixon3,qw,08/14/2026,12:37:37,1
57657225,0.00494,S0_20_vf_5,adixon3,qw,08/14/2026,12:37:37,1
57657226,0.00494,S0_20_vf_5,adixon3,qw,08/14/2026,12:37:37,1
57657227,0.00494,S0_20_vf_5,adixon3,qw,08/14/2026,12:37:37,1
57657228,0.00494,S0_20_vf_5,adixon3,qw,08/14/2026,12:37:37,1
57657229,0.00494,S0_20_vf_5,adixon3,qw,08/14/2026,12:37:38,1
57657230,0.00494,S0_20_vf_5,adixon3,qw,08/14/2026,12:37:38,1
57657231,0.00494,S0_20_vf_5,adixon3,qw,08/14/2026,12:37:38,1
57657232,0.00494,S0_20_vf_5,adixon3,qw,08/14/2026,12:37:38,1
57657233,0.00494,S0_20_vf_5,adixon3,qw,08/14/2026,12:37:38,1
57657234,0.00494,S0_20_vf_5,adixon3,qw,08/14/2026,12:37:38,1
57657235,0.00494,S0_20_vf_5,adixon3,qw,08/14/2026,12:37:38,1
57657236,0.00494,S0_20_vf_5,adixon3,qw,08/14/2026,12:37:38,1
57657237,0.00494,S0_20_vf_5,adixon3,qw,08/14/2026,12:37:38,1
57657238,0.00494,S0_20_vf_5,adixon3,qw,08/14/2026,12:37:38,1
57657239,0.00494,S0_20_vf_5,adixon3,qw,08/14/2026,12:37:38,1
57657240,0.00494,S0_20_vf_5,adixon3,qw,08/14/2026,12:37:38,1
57657241,0.00494,S0_20_vf_5,adixon3,qw,08/14/2026,12:37:38,1
57657242,0.00494,S0_20_vf_5,adixon3,qw,08/14/2026,12:37:38,1
57657243,0.00494,S0_20_vf_5,adixon3,qw,08/14/2026,12:37:38,1
57657244,0.00494,S0_20_vf_5,adixon3,qw,08/14/2026,12:37:38,1
57657245,0.00494,S0_20_vf_5,adixon3,qw,08/14/2026,12:37:38,1
57657246,0.00494,S0_20_vf_5,adixon3,qw,08/14/2026,12:37:38,1
57657247,0.00494,S0_20_vf_5,adixon3,qw,08/14/2026,12:37:38,1
57657248,0.00494,S0_20_vf_5,adixon3,qw,08/14/2026,12:37:39,1
57657249,0.00494,S0_20_vf_5,adixon3,qw,08/14/2026,12:37:39,1
57657250,0.00494,S0_20_vf_5,adixon3,qw,08/14/2026,12:37:39,1
57657251,0.00494,S0_20_vf_5,adixon3,qw,08/14/2026,12:37:39,1
57657252,0.00494,S0_20_vf_5,adixon3,qw,08/14/2026,12:37:39,1
57657253,0.00494,S0_20_vf_5,adixon3,qw,08/14/2026,12:37:39,1
57657254,0.00494,S0_20_vf_5,adixon3,qw,08/14/2026,12:37:39,1
57657255,0.00494,S0_20_vf_5,adixon3,qw,08/14/2026,12:37:39,1
57657256,0.00494,S0_20_vf_5,adixon3,qw,08/14/2026,12:37:39,1
57657257,0.00494,S0_20_vf_5,adixon3,qw,08/14/2026,12:37:39,1
57657258,0.00494,S0_20_vf_5,adixon3,qw,08/14/2026,12:37:39,1
57657259,0.00494,S0_20_vf_5,adixon3,qw,08/14/2026,12:37:39,1
57657260,0.00494,S0_20_vf_5,adixon3,qw,08/14/2026,12:37:39,1
57657261,0.00494,S0_20_vf_5,adixon3,qw,08/14/2026,12:37:39,1
57657262,0.00494,S0_20_vf_5,adixon3,qw,08/14/2026,12:37:39,1
57657263,0.00494,S0_20_vf_5,adixon3,qw,08/14/2026,12:37:39,1
57657264,0.00494,S0_20_vf_5,adixon3,qw,08/14/2026,12:37:39,1
57657265,0.00494,S0_20_vf_5,adixon3,qw,08/14/2026,12:37:39,1
57657266,0.00494,S0_20_vf_5,adixon3,qw,08/14/2026,12:37:40,1
57657267,0.00494,S0_20_vf_5,adixon3,qw,08/14/2026,12:37:40,1
57657268,0.00494,S0_20_vf_5,adixon3,qw,08/14/2026,12:37:40,1
57657269,0.00494,S0_20_vf_5,adixon3,qw,08/14/2026,12:37:40,1
57657270,0.00494,S0_20_vf_5,adixon3,qw,08/14/2026,12:37:40,1
57657271,0.00494,S0_20_vf_5,adixon3,qw,08/14/2026,12:37:40,1
57657272,0.00494,S0_20_vf_5,adixon3,qw,08/14/2026,12:37:40,1
57657273,0.00494,S0_20_vf_5,adixon3,qw,08/14/2026,12:37:40,1
57657274,0.00494,S0_20_vf_5,adixon3,qw,08/14/2026,12:37:40,1
57657275,0.00494,S0_20_vf_5,adixon3,qw,08/14/2026,12:37:40,1
57657276,0.00494,S0_20_vf_5,adixon3,qw,08/14/2026,12:37:40,1
57657277,0.00494,S0_20_vf_5,adixon3,qw,08/14/2026,12:37:40,1
57657278,0.00494,S0_20_vf_5,adixon3,qw,08/14/2026,12:37:40,1
57657279,0.00494,S0_20_vf_5,adixon3,qw,08/14/2026,12:37:40,1
57657280,0.00494,S0_20_vf_5,adixon3,qw,08/14/2026,12:37:40,1
57657281,0.00494,S0_20_vf_5,adixon3,qw,08/14/2026,12:37:40,1
57657282,0.00494,S0_20_vf_5,adixon3,qw,08/14/2026,12:37:40,1
57657283,0.00494,S0_20_vf_5,adixon3,qw,08/14/2026,12:37:41,1
57657284,0.00494,S0_20_vf_5,adixon3,qw,08/14/2026,12:37:41,1
57657285,0.00494,S0_20_vf_5,adixon3,qw,08/14/2026,12:37:41,1
57657286,0.00494,S0_20_vf_5,adixon3,qw,08/14/2026,12:37:41,1
57657287,0.00494,S0_20_vf_5,adixon3,qw,08/14/2026,12:37:41,1
57657288,0.00494,S0_20_vf_5,adixon3,qw,08/14/2026,12:37:41,1
57657289,0.00494,S0_20_vf_5,adixon3,qw,08/14/2026,12:37:41,1
57657290,0.00494,S0_20_vf_5,adixon3,qw,08/14/2026,12:37:41,1
57657291,0.00494,S0_20_vf_5,adixon3,qw,08/14/2026,12:37:41,1
57657292,0.00494,S0_20_vf_5,adixon3,qw,08/14/2026,12:37:41,1
57657293,0.00494,S0_20_vf_5,adixon3,qw,08/14/2026,12:37:41,1
57657294,0.00494,S0_20_vf_5,adixon3,qw,08/14/2026,12:37:41,1
57657295,0.00494,S0_20_vf_5,adixon3,qw,08/14/2026,12:37:41,1
57657296,0.00494,S0_20_vf_5,adixon3,qw,08/14/2026,12:37:41,1
57657297,0.00494,S0_20_vf_5,adixon3,qw,08/14/2026,12:37:41,1
57657298,0.00494,S0_20_vf_5,adixon3,qw,08/14/2026,12:37:41,1
57657299,0.00494,S0_20_vf_5,adixon3,qw,08/14/2026,12:37:41,1
57657300,0.00494,S0_20_vf_5,adixon3,qw,08/14/2026,12:37:41,1
57657301,0.00494,S0_20_vf_5,adixon3,qw,08/14/2026,12:37:41,1
57657302,0.00494,S0_20_vf_5,adixon3,qw,08/14/2026,12:37:42,1
57657303,0.00494,S0_20_vf_5,adixon3,qw,08/14/2026,12:37:42,1
57657304,0.00494,S0_20_vf_5,adixon3,qw,08/14/2026,12:37:42,1
57657305,0.00494,S0_20_vf_5,adixon3,qw,08/14/2026,12:37:42,1
57657306,0.00494,S0_20_vf_5,adixon3,qw,08/14/2026,12:37:42,1
57657307,0.00494,S0_20_vf_5,adixon3,qw,08/14/2026,12:37:42,1
57657308,0.00494,S0_20_vf_5,adixon3,qw,08/14/2026,12:37:42,1
57657309,0.00494,S0_20_vf_5,adixon3,qw,08/14/2026,12:37:42,1
57657310,0.00494,S0_20_vf_5,adixon3,qw,08/14/2026,12:37:42,1
57657311,0.00494,S0_20_vf_5,adixon3,qw,08/14/2026,12:37:42,1
57657312,0.00494,S0_20_vf_5,adixon3,qw,08/14/2026,12:37:42,1
57657313,0.00494,S0_20_vf_5,adixon3,qw,08/14/2026,12:37:42,1
57657314,0.00494,S0_20_vf_5,adixon3,qw,08/14/2026,12:37:42,1
57657315,0.00494,S0_20_vf_5,adixon3,qw,08/14/2026,12:37:42,1
57657316,0.00494,S0_20_vf_5,adixon3,qw,08/14/2026,12:37:42,1
57657317,0.00494,S0_20_vf_5,adixon3,qw,08/14/2026,12:37:42,1
57657318,0.00494,S0_20_vf_5,adixon3,qw,08/14/2026,12:37:42,1
57657319,0.00494,S0_20_vf_5,adixon3,qw,08/14/2026,12:37:42,1
57657320,0.00494,S0_20_vf_5,adixon3,qw,08/14/2026,12:37:42,1
57657321,0.00494,S0_20_vf_5,adixon3,qw,08/14/2026,12:37:43,1
57657322,0.00494,S0_20_vf_5,adixon3,qw,08/14/2026,12:37:43,1
57657323,0.00494,S0_20_vf_5,adixon3,qw,08/14/2026,12:37:43,1
57657324,0.00494,S0_20_vf_5,adixon3,qw,08/14/2026,12:37:43,1
57657325,0.00494,S0_20_vf_5,adixon3,qw,08/14/2026,12:37:43,1
57657326,0.00494,S0_20_vf_5,adixon3,qw,08/14/2026,12:37:43,1
57657327,0.00494,S0_0_vf_55,adixon3,qw,08/14/2026,12:37:43,1
57657328,0.00494,S0_0_vf_55,adixon3,qw,08/14/2026,12:37:43,1
57657329,0.00494,S0_0_vf_55,adixon3,qw,08/14/2026,12:37:43,1
57657330,0.00494,S0_0_vf_55,adixon3,qw,08/14/2026,12:37:43,1
57657331,0.00494,S0_0_vf_55,adixon3,qw,08/14/2026,12:37:43,1
57657332,0.00494,S0_0_vf_55,adixon3,qw,08/14/2026,12:37:43,1
57657333,0.00494,S0_0_vf_55,adixon3,qw,08/14/2026,12:37:43,1
57657334,0.00494,S0_0_vf_55,adixon3,qw,08/14/2026,12:37:43,1
57657335,0.00494,S0_0_vf_55,adixon3,qw,08/14/2026,12:37:43,1
57657336,0.00494,S0_0_vf_55,adixon3,qw,08/14/2026,12:37:43,1
57657337,0.00494,S0_0_vf_55,adixon3,qw,08/14/2026,12:37:43,1
57657338,0.00494,S0_0_vf_55,adixon3,qw,08/14/2026,12:37:43,1
57657339,0.00494,S0_0_vf_55,adixon3,qw,08/14/2026,12:37:44,1
57657340,0.00494,S0_0_vf_55,adixon3,qw,08/14/2026,12:37:44,1
57657341,0.00494,S0_0_vf_55,adixon3,qw,08/14/2026,12:37:44,1
57657342,0.00494,S0_0_vf_55,adixon3,qw,08/14/2026,12:37:44,1
57657343,0.00494,S0_0_vf_55,adixon3,qw,08/14/2026,12:37:44,1
57657344,0.00494,S0_0_vf_55,adixon3,qw,08/14/2026,12:37:44,1
57657345,0.00494,S0_0_vf_55,adixon3,qw,08/14/2026,12:37:44,1
57657346,0.00494,S0_0_vf_55,adixon3,qw,08/14/2026,12:37:44,1
57657347,0.00494,S0_0_vf_55,adixon3,qw,08/14/2026,12:37:44,1
57657348,0.00494,S0_0_vf_55,adixon3,qw,08/14/2026,12:37:44,1
57657349,0.00494,S0_0_vf_55,adixon3,qw,08/14/2026,12:37:44,1
57657350,0.00494,S0_0_vf_55,adixon3,qw,08/14/2026,12:37:44,1
57657351,0.00494,S0_0_vf_55,adixon3,qw,08/14/2026,12:37:44,1
57657352,0.00494,S0_0_vf_55,adixon3,qw,08/14/2026,12:37:44,1
57657353,0.00494,S0_0_vf_55,adixon3,qw,08/14/2026,12:37:44,1
57657354,0.00494,S0_0_vf_55,adixon3,qw,08/14/2026,12:37:44,1
57657355,0.00494,S0_0_vf_55,adixon3,qw,08/14/2026,12:37:44,1
57657356,0.00494,S0_0_vf_55,adixon3,qw,08/14/2026,12:37:45,1
57657357,0.00494,S0_0_vf_55,adixon3,qw,08/14/2026,12:37:45,1
57657358,0.00494,S0_0_vf_55,adixon3,qw,08/14/2026,12:37:45,1
57657359,0.00494,S0_0_vf_55,adixon3,qw,08/14/2026,12:37:45,1
57657360,0.00494,S0_0_vf_55,adixon3,qw,08/14/2026,12:37:45,1
57657361,0.00494,S0_0_vf_55,adixon3,qw,08/14/2026,12:37:45,1
57657362,0.00494,S0_0_vf_55,adixon3,qw,08/14/2026,12:37:45,1
57657363,0.00494,S0_0_vf_55,adixon3,qw,08/14/2026,12:37:45,1
57657364,0.00494,S0_0_vf_55,adixon3,qw,08/14/2026,12:37:45,1
57657365,0.00494,S0_0_vf_55,adixon3,qw,08/14/2026,12:37:45,1
57657366,0.00494,S0_0_vf_55,adixon3,qw,08/14/2026,12:37:45,1
57657367,0.00494,S0_0_vf_55,adixon3,qw,08/14/2026,12:37:45,1
57657368,0.00494,S0_0_vf_55,adixon3,qw,08/14/2026,12:37:45,1
57657369,0.00494,S0_0_vf_55,adixon3,qw,08/14/2026,12:37:45,1
57657370,0.00494,S0_0_vf_55,adixon3,qw,08/14/2026,12:37:45,1
57657371,0.00494,S0_0_vf_55,adixon3,qw,08/14/2026,12:37:45,1
57657372,0.00494,S0_0_vf_55,adixon3,qw,08/14/2026,12:37:45,1
57657373,0.00494,S0_0_vf_55,adixon3,qw,08/14/2026,12:37:45,1
57657374,0.00494,S0_0_vf_55,adixon3,qw,08/14/2026,12:37:45,1
57657375,0.00494,S0_0_vf_55,adixon3,qw,08/14/2026,12:37:46,1
57657376,0.00494,S0_0_vf_55,adixon3,qw,08/14/2026,12:37:46,1
57657377,0.00494,S0_0_vf_55,adixon3,qw,08/14/2026,12:37:46,1
57657378,0.00494,S0_0_vf_55,adixon3,qw,08/14/2026,12:37:46,1
57657379,0.00494,S0_0_vf_55,adixon3,qw,08/14/2026,12:37:46,1
57657380,0.00494,S0_0_vf_55,adixon3,qw,08/14/2026,12:37:46,1
57657381,0.00494,S0_0_vf_55,adixon3,qw,08/14/2026,12:37:46,1
57657382,0.00494,S0_0_vf_55,adixon3,qw,08/14/2026,12:37:46,1
57657383,0.00494,S0_0_vf_55,adixon3,qw,08/14/2026,12:37:46,1
57657384,0.00494,S0_0_vf_55,adixon3,qw,08/14/2026,12:37:46,1
57657385,0.00494,S0_0_vf_55,adixon3,qw,08/14/2026,12:37:46,1
57657386,0.00494,S0_0_vf_55,adixon3,qw,08/14/2026,12:37:46,1
57657387,0.00494,S0_0_vf_55,adixon3,qw,08/14/2026,12:37:46,1
57657388,0.00494,S0_0_vf_55,adixon3,qw,08/14/2026,12:37:46,1
57657389,0.00494,S0_0_vf_55,adixon3,qw,08/14/2026,12:37:46,1
57657390,0.00494,S0_0_vf_55,adixon3,qw,08/14/2026,12:37:46,1
57657391,0.00494,S0_0_vf_55,adixon3,qw,08/14/2026,12:37:46,1
57657392,0.00494,S0_0_vf_55,adixon3,qw,08/14/2026,12:37:46,1
57657393,0.00494,S0_0_vf_55,adixon3,qw,08/14/2026,12:37:46,1
57657394,0.00494,S0_0_vf_55,adixon3,qw,08/14/2026,12:37:47,1
57657395,0.00494,S0_0_vf_55,adixon3,qw,08/14/2026,12:37:47,1
57657396,0.00494,S0_0_vf_55,adixon3,qw,08/14/2026,12:37:47,1
57657397,0.00494,S0_0_vf_55,adixon3,qw,08/14/2026,12:37:47,1
57657398,0.00494,S0_0_vf_55,adixon3,qw,08/14/2026,12:37:47,1
57657399,0.00494,S0_0_vf_55,adixon3,qw,08/14/2026,12:37:47,1
57657400,0.00494,S0_0_vf_55,adixon3,qw,08/14/2026,12:37:47,1
57657401,0.00494,S0_0_vf_55,adixon3,qw,08/14/2026,12:37:47,1
57657402,0.00494,S0_0_vf_55,adixon3,qw,08/14/2026,12:37:47,1
57657403,0.00494,S0_0_vf_55,adixon3,qw,08/14/2026,12:37:47,1
57657404,0.00494,S0_0_vf_55,adixon3,qw,08/14/2026,12:37:47,1
57657405,0.00494,S0_0_vf_55,adixon3,qw,08/14/2026,12:37:47,1
57657406,0.00494,S0_0_vf_55,adixon3,qw,08/14/2026,12:37:47,1
57657407,0.00494,S0_0_vf_55,adixon3,qw,08/14/2026,12:37:47,1
57657408,0.00494,S0_0_vf_55,adixon3,qw,08/14/2026,12:37:47,1
57657409,0.00494,S0_0_vf_55,adixon3,qw,08/14/2026,12:37:48,1
57657410,0.00494,S0_0_vf_55,adixon3,qw,08/14/2026,12:37:48,1
57657411,0.00494,S0_0_vf_55,adixon3,qw,08/14/2026,12:37:48,1
57657412,0.00494,S0_0_vf_55,adixon3,qw,08/14/2026,12:37:48,1
57657413,0.00494,S0_0_vf_55,adixon3,qw,08/14/2026,12:37:48,1
57657414,0.00494,S0_0_vf_55,adixon3,qw,08/14/2026,12:37:48,1
57657415,0.00494,S0_0_vf_55,adixon3,qw,08/14/2026,12:37:48,1
57657416,0.00494,S0_0_vf_55,adixon3,qw,08/14/2026,12:37:48,1
57657417,0.00494,S0_0_vf_55,adixon3,qw,08/14/2026,12:37:48,1
57657418,0.00494,S0_0_vf_55,adixon3,qw,08/14/2026,12:37:48,1
57657419,0.00494,S0_0_vf_55,adixon3,qw,08/14/2026,12:37:48,1
57657420,0.00494,S0_0_vf_55,adixon3,qw,08/14/2026,12:37:48,1
57657421,0.00494,S0_0_vf_55,adixon3,qw,08/14/2026,12:37:48,1
57657422,0.00494,S0_0_vf_55,adixon3,qw,08/14/2026,12:37:48,1
57657423,0.00494,S0_0_vf_55,adixon3,qw,08/14/2026,12:37:48,1
57657424,0.00494,S0_0_vf_55,adixon3,qw,08/14/2026,12:37:48,1
57657425,0.00494,S0_0_vf_55,adixon3,qw,08/14/2026,12:37:48,1
57657426,0.00494,S0_0_vf_55,adixon3,qw,08/14/2026,12:37:48,1
57657427,0.00494,S0_0_vf_55,adixon3,qw,08/14/2026,12:37:48,1
57657428,0.00494,S0_0_vf_55,adixon3,qw,08/14/2026,12:37:49,1
57657429,0.00494,S0_0_vf_55,adixon3,qw,08/14/2026,12:37:49,1
57657430,0.00494,S0_0_vf_55,adixon3,qw,08/14/2026,12:37:49,1
57657431,0.00494,S0_0_vf_55,adixon3,qw,08/14/2026,12:37:49,1
57657432,0.00494,S0_0_vf_55,adixon3,qw,08/14/2026,12:37:49,1
57657433,0.00494,S0_0_vf_55,adixon3,qw,08/14/2026,12:37:49,1
57657434,0.00494,S0_0_vf_55,adixon3,qw,08/14/2026,12:37:49,1
57657435,0.00494,S0_0_vf_55,adixon3,qw,08/14/2026,12:37:49,1
57657436,0.00494,S0_0_vf_55,adixon3,qw,08/14/2026,12:37:49,1
57657437,0.00494,S0_0_vf_55,adixon3,qw,08/14/2026,12:37:49,1
57657438,0.00494,S0_0_vf_55,adixon3,qw,08/14/2026,12:37:49,1
57657439,0.00494,S0_0_vf_55,adixon3,qw,08/14/2026,12:37:49,1
57657440,0.00494,S0_0_vf_55,adixon3,qw,08/14/2026,12:37:49,1
57657441,0.00494,S0_0_vf_55,adixon3,qw,08/14/2026,12:37:49,1
57657442,0.00494,S0_0_vf_55,adixon3,qw,08/14/2026,12:37:49,1
57657443,0.00494,S0_0_vf_55,adixon3,qw,08/14/2026,12:37:49,1
57657444,0.00494,S0_0_vf_55,adixon3,qw,08/14/2026,12:37:49,1
57657445,0.00494,S0_0_vf_55,adixon3,qw,08/14/2026,12:37:49,1
57657446,0.00494,S0_0_vf_55,adixon3,qw,08/14/2026,12:37:49,1
57657447,0.00494,S0_0_vf_55,adixon3,qw,08/14/2026,12:37:50,1
57657448,0.00494,S0_0_vf_55,adixon3,qw,08/14/2026,12:37:50,1
57657449,0.00494,S0_0_vf_55,adixon3,qw,08/14/2026,12:37:50,1
57657450,0.00494,S0_0_vf_55,adixon3,qw,08/14/2026,12:37:50,1
57657451,0.00494,S0_0_vf_55,adixon3,qw,08/14/2026,12:37:50,1
57657452,0.00494,S0_0_vf_55,adixon3,qw,08/14/2026,12:37:50,1
57657453,0.00494,S0_0_vf_55,adixon3,qw,08/14/2026,12:37:50,1
57657454,0.00494,S0_0_vf_55,adixon3,qw,08/14/2026,12:37:50,1
57657455,0.00494,S0_0_vf_55,adixon3,qw,08/14/2026,12:37:50,1
57657456,0.00494,S0_0_vf_55,adixon3,qw,08/14/2026,12:37:50,1
57657457,0.00494,S0_0_vf_55,adixon3,qw,08/14/2026,12:37:50,1
57657458,0.00494,S0_0_vf_55,adixon3,qw,08/14/2026,12:37:50,1
57657459,0.00494,S0_0_vf_55,adixon3,qw,08/14/2026,12:37:50,1
57657460,0.00494,S0_0_vf_55,adixon3,qw,08/14/2026,12:37:50,1
57657461,0.00494,S0_0_vf_55,adixon3,qw,08/14/2026,12:37:50,1
57657462,0.00494,S0_0_vf_55,adixon3,qw,08/14/2026,12:37:50,1
57657463,0.00494,S0_0_vf_55,adixon3,qw,08/14/2026,12:37:51,1
57657464,0.00494,S0_0_vf_55,adixon3,qw,08/14/2026,12:37:51,1
57657465,0.00494,S0_0_vf_55,adixon3,qw,08/14/2026,12:37:51,1
57657466,0.00494,S0_0_vf_55,adixon3,qw,08/14/2026,12:37:51,1
57657467,0.00494,S0_0_vf_55,adixon3,qw,08/14/2026,12:37:51,1
57657468,0.00494,S0_0_vf_55,adixon3,qw,08/14/2026,12:37:51,1
57657469,0.00494,S0_0_vf_55,adixon3,qw,08/14/2026,12:37:51,1
57657470,0.00494,S0_0_vf_55,adixon3,qw,08/14/2026,12:37:51,1
57657471,0.00494,S0_0_vf_55,adixon3,qw,08/14/2026,12:37:51,1
57657472,0.00494,S0_0_vf_55,adixon3,qw,08/14/2026,12:37:51,1
57657473,0.00494,S0_0_vf_55,adixon3,qw,08/14/2026,12:37:51,1
57657474,0.00494,S0_0_vf_55,adixon3,qw,08/14/2026,12:37:51,1
57657475,0.00494,S0_0_vf_55,adixon3,qw,08/14/2026,12:37:51,1
57657476,0.00494,S0_0_vf_55,adixon3,qw,08/14/2026,12:37:51,1
57725187,0.00487,Kirsty_PAs,s1626483,qw,08/19/2026,10:59:16,16
57700618,0.00410,SH15_PAH,s2017658,qw,08/17/2026,10:59:16,32
57700619,0.00400,SH15_NOPAH,s2017658,qw,08/17/2026,10:59:19,32
57725645,0.00297,rnaseq_all,coke,qw,08/19/2026,11:08:22,4
57702334,0.00273,perm-windo,v1malmar,qw,08/17/2026,14:02:06,8
57702335,0.00268,perm-windo,v1malmar,qw,08/17/2026,14:02:06,8
57702337,0.00264,perm-windo,v1malmar,qw,08/17/2026,14:02:06,8
57702338,0.00261,perm-windo,v1malmar,qw,08/17/2026,14:02:06,8
57702339,0.00258,perm-windo,v1malmar,qw,08/17/2026,14:02:06,8
57702340,0.00255,perm-windo,v1malmar,qw,08/17/2026,14:02:06,8
57702341,0.00252,perm-windo,v1malmar,qw,08/17/2026,14:02:06,8
57702342,0.00250,perm-windo,v1malmar,qw,08/17/2026,14:02:06,8
57697450,0.00249,lw_b14_tar,pminervi,qw,08/16/2026,20:49:42,1,1-10000:1
57697451,0.00249,lw_b14_tar,pminervi,qw,08/16/2026,20:49:45,1,1-10000:1
57697452,0.00249,lw_b14_tar,pminervi,qw,08/16/2026,20:49:48,1,1-10000:1
57697453,0.00249,lw_b14_tar,pminervi,qw,08/16/2026,20:49:51,1,1-10000:1
57697454,0.00249,lw_b14_tar,pminervi,qw,08/16/2026,20:49:54,1,1-10000:1
57697455,0.00249,lw_b14_tar,pminervi,qw,08/16/2026,20:49:56,1,1-10000:1
57697456,0.00249,lw_b14_tar,pminervi,qw,08/16/2026,20:49:59,1,1-10000:1
57697457,0.00249,lw_b14_tar,pminervi,qw,08/16/2026,20:50:02,1,1-10000:1
57697458,0.00249,lw_b14_tar,pminervi,qw,08/16/2026,20:50:05,1,1-10000:1
57697459,0.00249,lw_b14_tar,pminervi,qw,08/16/2026,20:50:08,1,1-10000:1
57697460,0.00249,lw_b14_tar,pminervi,qw,08/16/2026,20:50:10,1,1-2360:1
57702343,0.00248,perm-windo,v1malmar,qw,08/17/2026,14:02:06,8
57702344,0.00246,perm-windo,v1malmar,qw,08/17/2026,14:02:06,8
57702345,0.00244,perm-windo,v1malmar,qw,08/17/2026,14:02:06,8
57702346,0.00243,perm-windo,v1malmar,qw,08/17/2026,14:02:06,8
57702347,0.00242,perm-windo,v1malmar,qw,08/17/2026,14:02:06,8
57702348,0.00240,perm-windo,v1malmar,qw,08/17/2026,14:02:06,8
57702349,0.00239,perm-windo,v1malmar,qw,08/17/2026,14:02:06,8
57703205,0.00236,perm-windo,v1malmar,qw,08/17/2026,14:36:21,8
57703206,0.00235,perm-windo,v1malmar,qw,08/17/2026,14:36:22,8
57703207,0.00234,perm-windo,v1malmar,qw,08/17/2026,14:36:22,8
57703208,0.00233,perm-windo,v1malmar,qw,08/17/2026,14:36:22,8
57703209,0.00232,perm-windo,v1malmar,qw,08/17/2026,14:36:22,8
57703210,0.00231,perm-windo,v1malmar,qw,08/17/2026,14:36:22,8
57703211,0.00230,perm-windo,v1malmar,qw,08/17/2026,14:36:22,8
57704551,0.00227,Experiment,s2060501,qw,08/17/2026,16:47:43,10,1-60:1
57698557,0.00222,lw_b14_tar,pminervi,qw,08/17/2026,03:35:58,1,1-5760:1
57710568,0.00176,TRANCEPTIO,blivesey,qw,08/18/2026,16:32:01,1,18-1782:1
57707445,0.00151,ce1,gl02ad2,qw,08/18/2026,11:53:41,8
57707446,0.00150,ce1,gl02ad2,qw,08/18/2026,11:53:42,8
57707474,0.00148,ce1,gl02ad2,qw,08/18/2026,11:59:49,8
57707488,0.00147,ce1,gl02ad2,qw,08/18/2026,12:05:49,8
57707524,0.00146,ce1,gl02ad2,qw,08/18/2026,12:11:44,8
57708162,0.00143,ce1,gl02ad2,qw,08/18/2026,12:47:47,8
57708202,0.00141,ce1,gl02ad2,qw,08/18/2026,13:05:48,8
57708224,0.00139,ce1,gl02ad2,qw,08/18/2026,13:17:57,8
57722040,0.00139,ce1,gl03pi9,qw,08/19/2026,02:49:41,8
57708235,0.00138,ce1,gl02ad2,qw,08/18/2026,13:20:59,8
57708253,0.00137,ce1,gl02ad2,qw,08/18/2026,13:26:49,8
57708297,0.00136,ce1,gl02ad2,qw,08/18/2026,13:35:56,8
57708674,0.00135,ce1,gl02ad2,qw,08/18/2026,13:54:06,8
57708704,0.00135,ce1,gl02ad2,qw,08/18/2026,13:56:57,8
57708811,0.00133,ce1,gl02ad2,qw,08/18/2026,14:30:11,8
57708818,0.00132,ce1,gl02ad2,qw,08/18/2026,14:32:59,8
57721694,0.00128,ce2,gl03pi18,qw,08/19/2026,01:20:59,8
57710243,0.00127,ce1,gl02ad2,qw,08/18/2026,15:54:19,8
57705668,0.00125,lw_b14_tar,pminervi,qw,08/18/2026,03:59:11,1,1-10000:1
57705669,0.00125,lw_b14_tar,pminervi,qw,08/18/2026,03:59:16,1,1-10000:1
57705670,0.00125,lw_b14_tar,pminervi,qw,08/18/2026,03:59:22,1,1-10000:1
57705671,0.00125,lw_b14_tar,pminervi,qw,08/18/2026,03:59:27,1,1-10000:1
57705672,0.00125,lw_b14_tar,pminervi,qw,08/18/2026,03:59:32,1,1-4448:1
57722386,0.00124,ce1,gl03pi9,qw,08/19/2026,04:57:19,8
57721696,0.00124,ce2,gl03pi18,qw,08/19/2026,01:22:58,8
57710707,0.00123,ce1,gl02ad2,qw,08/18/2026,16:48:38,8
57721697,0.00120,ce2,gl03pi18,qw,08/19/2026,01:24:58,8
57722387,0.00118,ce1,gl03pi9,qw,08/19/2026,04:58:47,8
57722414,0.00113,ce1,gl03pi9,qw,08/19/2026,05:07:41,8
57706145,0.00112,lw_eff_ben,pminervi,qw,08/18/2026,07:11:01,1
57720587,0.00106,ce1,gl02ad2,qw,08/18/2026,21:11:52,8
57720591,0.00106,ce1,gl02ad2,qw,08/18/2026,21:16:34,8
57720629,0.00105,ce1,gl02ad2,qw,08/18/2026,21:27:10,8
57720637,0.00104,ce1,gl02ad2,qw,08/18/2026,21:38:05,8
57720647,0.00104,ce1,gl02ad2,qw,08/18/2026,21:42:44,8
57720653,0.00104,ce1,gl02ad2,qw,08/18/2026,21:45:44,8
57720655,0.00104,ce1,gl02ad2,qw,08/18/2026,21:47:14,8
57722488,0.00101,ce1,gl03pi9,qw,08/19/2026,07:00:33,8
57720905,0.00101,ce1,gl02ad2,qw,08/18/2026,22:21:21,8
57720906,0.00101,ce1,gl02ad2,qw,08/18/2026,22:21:25,8
57721029,0.00101,ce1,gl02ad2,qw,08/18/2026,22:27:47,8
57721053,0.00101,ce1,gl02ad2,qw,08/18/2026,22:29:22,8
57721191,0.00100,ce1,gl02ad2,qw,08/18/2026,22:47:07,8
57722430,0.00099,ce2,gl03pi18,qw,08/19/2026,05:49:01,8
57721214,0.00099,ce1,gl02ad2,qw,08/18/2026,22:56:08,8
57722489,0.00098,ce1,gl03pi9,qw,08/19/2026,07:00:38,8
57721343,0.00097,ce1,gl02ad2,qw,08/18/2026,23:33:25,8
57722432,0.00096,ce2,gl03pi18,qw,08/19/2026,05:51:01,8
57721382,0.00095,ce1,gl02ad2,qw,08/19/2026,00:01:20,8
57722490,0.00095,ce1,gl03pi9,qw,08/19/2026,07:00:43,8
57721385,0.00095,ce1,gl02ad2,qw,08/19/2026,00:02:56,8
57721456,0.00092,ce1,gl02ad2,qw,08/19/2026,00:34:48,8
57722491,0.00092,ce1,gl03pi9,qw,08/19/2026,07:00:48,8
57721695,0.00089,ce1,gl02ad2,qw,08/19/2026,01:21:46,8
57722492,0.00089,ce1,gl03pi9,qw,08/19/2026,07:00:53,8
57721704,0.00089,ce1,gl02ad2,qw,08/19/2026,01:32:36,8
57721705,0.00089,ce1,gl02ad2,qw,08/19/2026,01:32:40,8
57721708,0.00088,ce1,gl02ad2,qw,08/19/2026,01:35:54,8
57721712,0.00088,ce1,gl02ad2,qw,08/19/2026,01:37:33,8
57721715,0.00088,ce1,gl02ad2,qw,08/19/2026,01:39:21,8
57722544,0.00087,ce2,gl03pi18,qw,08/19/2026,07:29:14,8
57722493,0.00087,ce1,gl03pi9,qw,08/19/2026,07:00:58,8
57722550,0.00085,ce2,gl03pi18,qw,08/19/2026,07:31:01,8
57722494,0.00085,ce1,gl03pi9,qw,08/19/2026,07:01:03,8
57722865,0.00071,q_0nm-sat,jross7,qw,08/19/2026,09:43:54,1,74-1600:1
57722495,0.00083,ce1,gl03pi9,qw,08/19/2026,07:01:08,8
57722551,0.00083,ce2,gl03pi18,qw,08/19/2026,07:33:01,8
57722497,0.00081,ce1,gl03pi9,qw,08/19/2026,07:01:16,8
57722498,0.00080,ce1,gl03pi9,qw,08/19/2026,07:02:53,8
57722598,0.00079,ce2,gl03pi18,qw,08/19/2026,08:03:03,8
57722499,0.00078,ce1,gl03pi9,qw,08/19/2026,07:02:58,8
57722603,0.00077,ce2,gl03pi18,qw,08/19/2026,08:05:01,8
57722501,0.00077,ce1,gl03pi9,qw,08/19/2026,07:03:08,8
57710305,0.00077,lw_b14_tar,pminervi,qw,08/18/2026,16:05:35,1,1-10000:1
57710306,0.00077,lw_b14_tar,pminervi,qw,08/18/2026,16:05:38,1,1-10000:1
57710307,0.00077,lw_b14_tar,pminervi,qw,08/18/2026,16:05:41,1,1-2880:1
57722502,0.00076,ce1,gl03pi9,qw,08/19/2026,07:03:12,8
57720643,0.00000,step7_ext,s2116644,qw,08/18/2026,21:42:01,8,41-137:1
57722503,0.00075,ce1,gl03pi9,qw,08/19/2026,07:03:17,8
57722504,0.00074,ce1,gl03pi9,qw,08/19/2026,07:03:22,8
57722505,0.00073,ce1,gl03pi9,qw,08/19/2026,07:03:27,8
57722506,0.00072,ce1,gl03pi9,qw,08/19/2026,07:03:31,8
57722508,0.00071,ce1,gl03pi9,qw,08/19/2026,07:03:39,8
57722517,0.00070,ce1,gl03pi9,qw,08/19/2026,07:05:20,8
57722518,0.00069,ce1,gl03pi9,qw,08/19/2026,07:05:28,8
57722451,0.00069,ce1,gl02ad2,qw,08/19/2026,06:32:28,8
57722452,0.00069,ce1,gl02ad2,qw,08/19/2026,06:33:57,8
57722454,0.00068,ce1,gl02ad2,qw,08/19/2026,06:36:49,8
57722467,0.00067,ce1,gl02ad2,qw,08/19/2026,06:56:19,8
57722469,0.00067,ce1,gl02ad2,qw,08/19/2026,06:56:27,8
57722471,0.00067,ce1,gl02ad2,qw,08/19/2026,06:56:32,8
57722473,0.00067,ce1,gl02ad2,qw,08/19/2026,06:56:38,8
57722480,0.00067,ce1,gl02ad2,qw,08/19/2026,06:58:49,8
57722484,0.00067,ce1,gl02ad2,qw,08/19/2026,06:59:06,8
57722486,0.00067,ce1,gl02ad2,qw,08/19/2026,06:59:10,8
57722557,0.00064,ce1,gl02ad2,qw,08/19/2026,07:38:45,8
57722558,0.00064,ce1,gl02ad2,qw,08/19/2026,07:38:45,8
57722565,0.00064,ce1,gl02ad2,qw,08/19/2026,07:48:06,8
57722566,0.00064,ce1,gl02ad2,qw,08/19/2026,07:48:07,8
57722567,0.00064,ce1,gl02ad2,qw,08/19/2026,07:48:07,8
57722568,0.00064,ce1,gl02ad2,qw,08/19/2026,07:48:07,8
57722572,0.00064,ce1,gl02ad2,qw,08/19/2026,07:51:10,8
57722573,0.00064,ce1,gl02ad2,qw,08/19/2026,07:51:11,8
57722574,0.00064,ce1,gl02ad2,qw,08/19/2026,07:51:11,8
57722575,0.00064,ce1,gl02ad2,qw,08/19/2026,07:51:12,8
57722576,0.00064,ce1,gl02ad2,qw,08/19/2026,07:51:12,8
57722580,0.00063,ce1,gl02ad2,qw,08/19/2026,07:54:09,8
57722581,0.00063,ce1,gl02ad2,qw,08/19/2026,07:54:09,8
57722582,0.00063,ce1,gl02ad2,qw,08/19/2026,07:54:10,8
57722583,0.00063,ce1,gl02ad2,qw,08/19/2026,07:54:10,8
57722584,0.00063,ce1,gl02ad2,qw,08/19/2026,07:54:10,8
57722591,0.00063,ce1,gl02ad2,qw,08/19/2026,07:59:51,8
57722592,0.00063,ce1,gl02ad2,qw,08/19/2026,07:59:51,8
57722593,0.00063,ce1,gl02ad2,qw,08/19/2026,07:59:52,8
57722594,0.00063,ce1,gl02ad2,qw,08/19/2026,07:59:52,8
57722604,0.00063,ce1,gl02ad2,qw,08/19/2026,08:06:05,8
57722605,0.00063,ce1,gl02ad2,qw,08/19/2026,08:06:06,8
57722606,0.00063,ce1,gl02ad2,qw,08/19/2026,08:06:06,8
57722614,0.00062,ce1,gl02ad2,qw,08/19/2026,08:08:49,8
57722615,0.00062,ce1,gl02ad2,qw,08/19/2026,08:08:49,8
57722616,0.00062,ce1,gl02ad2,qw,08/19/2026,08:08:49,8
57722617,0.00062,ce1,gl02ad2,qw,08/19/2026,08:08:50,8
57722644,0.00062,ce1,gl02ad2,qw,08/19/2026,08:14:57,8
57722645,0.00062,ce1,gl02ad2,qw,08/19/2026,08:14:57,8
57722646,0.00062,ce1,gl02ad2,qw,08/19/2026,08:15:03,8
57722647,0.00062,ce1,gl02ad2,qw,08/19/2026,08:15:03,8
57722655,0.00062,ce1,gl02ad2,qw,08/19/2026,08:20:53,8
57722665,0.00061,ce1,gl02ad2,qw,08/19/2026,08:33:08,8
57722667,0.00061,ce1,gl02ad2,qw,08/19/2026,08:33:08,8
57722668,0.00061,ce1,gl02ad2,qw,08/19/2026,08:33:09,8
57722669,0.00061,ce1,gl02ad2,qw,08/19/2026,08:33:09,8
57722729,0.00060,ce1,gl02ad2,qw,08/19/2026,08:41:47,8
57722733,0.00060,ce1,gl02ad2,qw,08/19/2026,08:44:52,8
57722752,0.00059,ce1,gl02ad2,qw,08/19/2026,08:53:56,8
57722759,0.00059,ce1,gl02ad2,qw,08/19/2026,08:59:50,8
57722989,0.00054,ce1,gl02ad2,qw,08/19/2026,10:15:20,8
57723030,0.00053,ce1,gl02ad2,qw,08/19/2026,10:30:02,8
57724871,0.00051,ce1,gl02ad2,qw,08/19/2026,10:54:19,8
57725446,0.00051,ce1,gl02ad2,qw,08/19/2026,11:06:16,8
57722335,0.00029,lw_b14_tar,pminervi,qw,08/19/2026,04:12:38,1,1-10000:1
57722336,0.00029,lw_b14_tar,pminervi,qw,08/19/2026,04:12:41,1,1-5592:1
57723061,0.00024,ce1,gs10us1,qw,08/19/2026,10:43:16,4
57723655,0.00024,ce1,gs10us1,qw,08/19/2026,10:48:08,4
57724835,0.00023,ce1,gs10us1,qw,08/19/2026,10:53:59,4
57722554,0.00010,vim_array_,s2469797,qw,08/19/2026,07:36:03,1,2002-4000:1
57723458,0.00002,of_26648_2,wdewulf,qw,08/19/2026,10:47:14,1,95-979:1
57723475,0.00002,of_25953_5,wdewulf,qw,08/19/2026,10:47:21,1,1-495:1
57723483,0.00002,of_25953_4,wdewulf,qw,08/19/2026,10:47:25,1,1-554:1
57723503,0.00002,of_28063_1,wdewulf,qw,08/19/2026,10:47:34,1,1-865:1
57723546,0.00002,of_28063_5,wdewulf,qw,08/19/2026,10:47:43,1,1-744:1
57723593,0.00002,of_28063_4,wdewulf,qw,08/19/2026,10:47:53,1,1-752:1
57723646,0.00002,of_26034_3,wdewulf,qw,08/19/2026,10:48:06,1,1-899:1
57723683,0.00002,of_27765_1,wdewulf,qw,08/19/2026,10:48:13,1,1-759:1
57723705,0.00002,of_27765_2,wdewulf,qw,08/19/2026,10:48:18,1,1-460:1
57723735,0.00002,of_25691_1,wdewulf,qw,08/19/2026,10:48:24,1,1-629:1
57723764,0.00002,of_25691_2,wdewulf,qw,08/19/2026,10:48:31,1,1-641:1
57723824,0.00002,of_28304_1,wdewulf,qw,08/19/2026,10:48:43,1,1-1187:1
57723861,0.00002,of_28304_2,wdewulf,qw,08/19/2026,10:48:54,1,1-1325:1
57723902,0.00002,of_25843_1,wdewulf,qw,08/19/2026,10:49:10,1,1-1410:1
57723924,0.00002,of_25843_5,wdewulf,qw,08/19/2026,10:49:19,1,1-1069:1
57723985,0.00002,of_25843_2,wdewulf,qw,08/19/2026,10:49:32,1,1-1522:1
57724069,0.00002,of_29502_1,wdewulf,qw,08/19/2026,10:49:52,1,1-1497:1
57724100,0.00002,of_29502_3,wdewulf,qw,08/19/2026,10:50:04,1,1-1021:1
57724107,0.00002,of_27764_1,wdewulf,qw,08/19/2026,10:50:08,1,1-384:1
57724126,0.00002,of_26018_2,wdewulf,qw,08/19/2026,10:50:13,1,1-644:1
57724150,0.00002,of_24666_1,wdewulf,qw,08/19/2026,10:50:19,1,1-747:1
57724163,0.00002,of_25954_1,wdewulf,qw,08/19/2026,10:50:22,1,1-235:1
57724189,0.00002,of_26820_2,wdewulf,qw,08/19/2026,10:50:28,1,1-836:1
57724227,0.00002,of_25127_1,wdewulf,qw,08/19/2026,10:50:36,1,1-741:1
57724279,0.00002,of_26035_1,wdewulf,qw,08/19/2026,10:50:51,1,1-985:1
57724299,0.00002,of_24365_2,wdewulf,qw,08/19/2026,10:50:56,1,1-610:1
57724334,0.00002,of_28258_4,wdewulf,qw,08/19/2026,10:51:12,1,1-1315:1
57725864,0.00000,hyp1_lowlr,belie,qw,08/19/2026,11:10:12,1
57725865,0.00000,hyp1_lowlr,belie,qw,08/19/2026,11:10:12,1
57725866,0.00000,hyp1_lowlr,belie,qw,08/19/2026,11:10:13,1
57725867,0.00000,hyp1_lowlr,belie,qw,08/19/2026,11:10:13,1
57725868,0.00000,hyp1_lowlr,belie,qw,08/19/2026,11:10:13,1
57725869,0.00000,hyp1_lowlr,belie,qw,08/19/2026,11:10:14,1
57725870,0.00000,hyp1_lowlr,belie,qw,08/19/2026,11:10:14,1
57725871,0.00000,hyp1_lowlr,belie,qw,08/19/2026,11:10:15,1
57725872,0.00000,hyp1_lowlr,belie,qw,08/19/2026,11:10:16,1
57725873,0.00000,hyp1_lowlr,belie,qw,08/19/2026,11:10:17,1
57725874,0.00000,hyp1_lowlr,belie,qw,08/19/2026,11:10:19,1
57725875,0.00000,hyp1_lowlr,belie,qw,08/19/2026,11:10:19,1
57725876,0.00000,hyp1_lowlr,belie,qw,08/19/2026,11:10:20,1
57725877,0.00000,hyp1_lowlr,belie,qw,08/19/2026,11:10:20,1
57725878,0.00000,hyp1_lowlr,belie,qw,08/19/2026,11:10:20,1
57725879,0.00000,hyp1_lowlr,belie,qw,08/19/2026,11:10:21,1
57725880,0.00000,hyp1_lowlr,belie,qw,08/19/2026,11:10:22,1
57725881,0.00000,hyp1_lowlr,belie,qw,08/19/2026,11:10:22,1
57725882,0.00000,hyp1_lowlr,belie,qw,08/19/2026,11:10:23,1
57725883,0.00000,hyp1_lowlr,belie,qw,08/19/2026,11:10:23,1
57725884,0.00000,hyp1_lowlr,belie,qw,08/19/2026,11:10:23,1
57725885,0.00000,hyp1_lowlr,belie,qw,08/19/2026,11:10:24,1
57725886,0.00000,hyp1_lowlr,belie,qw,08/19/2026,11:10:24,1
57725887,0.00000,hyp1_lowlr,belie,qw,08/19/2026,11:10:24,1
57725888,0.00000,hyp1_lowlr,belie,qw,08/19/2026,11:10:25,1
57725889,0.00000,hyp1_lowlr,belie,qw,08/19/2026,11:10:25,1
57725890,0.00000,hyp1_lowlr,belie,qw,08/19/2026,11:10:25,1
57725891,0.00000,hyp1_lowlr,belie,qw,08/19/2026,11:10:25,1
57725892,0.00000,hyp1_lowlr,belie,qw,08/19/2026,11:10:26,1
57725893,0.00000,hyp1_lowlr,belie,qw,08/19/2026,11:10:26,1
57725894,0.00000,hyp1_lowlr,belie,qw,08/19/2026,11:10:26,1
57725895,0.00000,hyp1_lowlr,belie,qw,08/19/2026,11:10:27,1
57725896,0.00000,hyp1_lowlr,belie,qw,08/19/2026,11:10:27,1
57725897,0.00000,hyp1_lowlr,belie,qw,08/19/2026,11:10:27,1
57725898,0.00000,hyp1_lowlr,belie,qw,08/19/2026,11:10:27,1
57725899,0.00000,hyp1_lowlr,belie,qw,08/19/2026,11:10:28,1
57725900,0.00000,hyp1_lowlr,belie,qw,08/19/2026,11:10:28,1
57725901,0.00000,hyp1_lowlr,belie,qw,08/19/2026,11:10:28,1
57725902,0.00000,hyp1_lowlr,belie,qw,08/19/2026,11:10:29,1
57725903,0.00000,hyp1_lowlr,belie,qw,08/19/2026,11:10:29,1
57725904,0.00000,hyp1_lowlr,belie,qw,08/19/2026,11:10:29,1
57725905,0.00000,hyp1_lowlr,belie,qw,08/19/2026,11:10:30,1
57725906,0.00000,hyp1_lowlr,belie,qw,08/19/2026,11:10:30,1
57725907,0.00000,hyp1_lowlr,belie,qw,08/19/2026,11:10:30,1
57725908,0.00000,hyp1_lowlr,belie,qw,08/19/2026,11:10:30,1
57725909,0.00000,hyp1_lowlr,belie,qw,08/19/2026,11:10:31,1
57725910,0.00000,hyp1_lowlr,belie,qw,08/19/2026,11:10:31,1
57725911,0.00000,hyp1_lowlr,belie,qw,08/19/2026,11:10:32,1
57725912,0.00000,hyp1_lowlr,belie,qw,08/19/2026,11:10:32,1
57725913,0.00000,hyp1_lowlr,belie,qw,08/19/2026,11:10:32,1
57725914,0.00000,hyp1_lowlr,belie,qw,08/19/2026,11:10:33,1
57725915,0.00000,hyp1_lowlr,belie,qw,08/19/2026,11:10:33,1
57725916,0.00000,hyp1_lowlr,belie,qw,08/19/2026,11:10:33,1
57725917,0.00000,hyp1_lowlr,belie,qw,08/19/2026,11:10:33,1
57725918,0.00000,hyp1_lowlr,belie,qw,08/19/2026,11:10:34,1
57725919,0.00000,hyp1_lowlr,belie,qw,08/19/2026,11:10:34,1
57725920,0.00000,hyp1_lowlr,belie,qw,08/19/2026,11:10:35,1
57725921,0.00000,hyp1_lowlr,belie,qw,08/19/2026,11:10:35,1
57725922,0.00000,hyp1_lowlr,belie,qw,08/19/2026,11:10:41,1
57725923,0.00000,hyp1_lowlr,belie,qw,08/19/2026,11:10:41,1
57725924,0.00000,hyp1_lowlr,belie,qw,08/19/2026,11:10:42,1
57725925,0.00000,hyp1_lowlr,belie,qw,08/19/2026,11:10:42,1
57725926,0.00000,hyp1_lowlr,belie,qw,08/19/2026,11:10:42,1
57725927,0.00000,hyp1_lowlr,belie,qw,08/19/2026,11:10:42,1
57725928,0.00000,hyp1_lowlr,belie,qw,08/19/2026,11:10:43,1
57725929,0.00000,hyp1_lowlr,belie,qw,08/19/2026,11:10:43,1
57725930,0.00000,hyp1_lowlr,belie,qw,08/19/2026,11:10:43,1
57725932,0.00000,hyp1_lowlr,belie,qw,08/19/2026,11:10:44,1
57725933,0.00000,hyp1_lowlr,belie,qw,08/19/2026,11:10:44,1
57725934,0.00000,hyp1_lowlr,belie,qw,08/19/2026,11:10:44,1
57725935,0.00000,hyp1_lowlr,belie,qw,08/19/2026,11:10:45,1
57725936,0.00000,hyp1_lowlr,belie,qw,08/19/2026,11:10:45,1
57725937,0.00000,hyp1_lowlr,belie,qw,08/19/2026,11:10:46,1
57725938,0.00000,hyp1_lowlr,belie,qw,08/19/2026,11:10:46,1
57725939,0.00000,hyp1_lowlr,belie,qw,08/19/2026,11:10:47,1
57725940,0.00000,hyp1_lowlr,belie,qw,08/19/2026,11:10:47,1
57725941,0.00000,hyp1_lowlr,belie,qw,08/19/2026,11:10:47,1
57725942,0.00000,hyp1_lowlr,belie,qw,08/19/2026,11:10:47,1
57725943,0.00000,hyp1_lowlr,belie,qw,08/19/2026,11:10:48,1
57725944,0.00000,hyp1_lowlr,belie,qw,08/19/2026,11:10:48,1
57725945,0.00000,hyp1_lowlr,belie,qw,08/19/2026,11:10:48,1
57725946,0.00000,hyp1_lowlr,belie,qw,08/19/2026,11:10:49,1
57725947,0.00000,hyp1_lowlr,belie,qw,08/19/2026,11:10:49,1
57725948,0.00000,hyp1_lowlr,belie,qw,08/19/2026,11:10:49,1
57725949,0.00000,hyp1_lowlr,belie,qw,08/19/2026,11:10:50,1
57725951,0.00000,hyp1_lowlr,belie,qw,08/19/2026,11:10:50,1
57725952,0.00000,hyp1_lowlr,belie,qw,08/19/2026,11:10:51,1
57725953,0.00000,hyp1_lowlr,belie,qw,08/19/2026,11:10:51,1
57725954,0.00000,hyp1_lowlr,belie,qw,08/19/2026,11:10:51,1
57725955,0.00000,hyp1_lowlr,belie,qw,08/19/2026,11:10:52,1
57725956,0.00000,hyp1_lowlr,belie,qw,08/19/2026,11:10:52,1
57725957,0.00000,hyp1_lowlr,belie,qw,08/19/2026,11:10:52,1
57725958,0.00000,hyp1_lowlr,belie,qw,08/19/2026,11:10:53,1
57725959,0.00000,hyp1_lowlr,belie,qw,08/19/2026,11:10:54,1
57725960,0.00000,hyp1_lowlr,belie,qw,08/19/2026,11:10:54,1
57725961,0.00000,hyp1_lowlr,belie,qw,08/19/2026,11:10:55,1
57725962,0.00000,hyp1_lowlr,belie,qw,08/19/2026,11:10:55,1
57725963,0.00000,hyp1_lowlr,belie,qw,08/19/2026,11:10:55,1
57725964,0.00000,hyp1_lowlr,belie,qw,08/19/2026,11:10:56,1
57725965,0.00000,hyp1_lowlr,belie,qw,08/19/2026,11:10:56,1
57725966,0.00000,hyp1_lowlr,belie,qw,08/19/2026,11:10:57,1
57725967,0.00000,hyp1_lowlr,belie,qw,08/19/2026,11:10:57,1
57725968,0.00000,hyp1_lowlr,belie,qw,08/19/2026,11:10:57,1
57725969,0.00000,hyp1_lowlr,belie,qw,08/19/2026,11:10:58,1
57725970,0.00000,hyp1_lowlr,belie,qw,08/19/2026,11:10:58,1
57725971,0.00000,hyp1_lowlr,belie,qw,08/19/2026,11:10:58,1
57725972,0.00000,hyp1_lowlr,belie,qw,08/19/2026,11:10:59,1
57725973,0.00000,hyp1_lowlr,belie,qw,08/19/2026,11:10:59,1
57725974,0.00000,hyp1_lowlr,belie,qw,08/19/2026,11:11:00,1
57725975,0.00000,hyp1_lowlr,belie,qw,08/19/2026,11:11:01,1
57725976,0.00000,hyp1_lowlr,belie,qw,08/19/2026,11:11:03,1
