"title","wind_speed","power_kw","hubHeights","ratedPower","rotorDiameter","airDensity","control","selectedHubHeight","maxMeanWindSpeed","class"
"Generic 15.0 MW - Offshore",3,70.02138,150,15000,"240",1.225,"pitch",150,NA,"offshore"
"Generic 15.0 MW - Offshore",3.5,301.9937,150,15000,"240",1.225,"pitch",150,NA,"offshore"
"Generic 15.0 MW - Offshore",4,595.0885,150,15000,"240",1.225,"pitch",150,NA,"offshore"
"Generic 15.0 MW - Offshore",4.5,964.8874,150,15000,"240",1.225,"pitch",150,NA,"offshore"
"Generic 15.0 MW - Offshore",4.75,1185.082,150,15000,"240",1.225,"pitch",150,NA,"offshore"
"Generic 15.0 MW - Offshore",5,1429.217,150,15000,"240",1.225,"pitch",150,NA,"offshore"
"Generic 15.0 MW - Offshore",5.25,1695.245,150,15000,"240",1.225,"pitch",150,NA,"offshore"
"Generic 15.0 MW - Offshore",6,2656.264,150,15000,"240",1.225,"pitch",150,NA,"offshore"
"Generic 15.0 MW - Offshore",6.2,2957.217,150,15000,"240",1.225,"pitch",150,NA,"offshore"
"Generic 15.0 MW - Offshore",6.4,3275.744,150,15000,"240",1.225,"pitch",150,NA,"offshore"
"Generic 15.0 MW - Offshore",6.5,3442.67,150,15000,"240",1.225,"pitch",150,NA,"offshore"
"Generic 15.0 MW - Offshore",6.55,3528.655,150,15000,"240",1.225,"pitch",150,NA,"offshore"
"Generic 15.0 MW - Offshore",6.6,3614.989,150,15000,"240",1.225,"pitch",150,NA,"offshore"
"Generic 15.0 MW - Offshore",6.7,3791.164,150,15000,"240",1.225,"pitch",150,NA,"offshore"
"Generic 15.0 MW - Offshore",6.8,3971.968,150,15000,"240",1.225,"pitch",150,NA,"offshore"
"Generic 15.0 MW - Offshore",6.900001,4155.589,150,15000,"240",1.225,"pitch",150,NA,"offshore"
"Generic 15.0 MW - Offshore",6.92,4192.387,150,15000,"240",1.225,"pitch",150,NA,"offshore"
"Generic 15.0 MW - Offshore",6.93,4210.774,150,15000,"240",1.225,"pitch",150,NA,"offshore"
"Generic 15.0 MW - Offshore",6.94,4228.842,150,15000,"240",1.225,"pitch",150,NA,"offshore"
"Generic 15.0 MW - Offshore",6.95,4247.187,150,15000,"240",1.225,"pitch",150,NA,"offshore"
"Generic 15.0 MW - Offshore",6.96,4265.458,150,15000,"240",1.225,"pitch",150,NA,"offshore"
"Generic 15.0 MW - Offshore",6.97,4283.899,150,15000,"240",1.225,"pitch",150,NA,"offshore"
"Generic 15.0 MW - Offshore",6.98,4301.949,150,15000,"240",1.225,"pitch",150,NA,"offshore"
"Generic 15.0 MW - Offshore",6.99,4320.29,150,15000,"240",1.225,"pitch",150,NA,"offshore"
"Generic 15.0 MW - Offshore",7,4339.297,150,15000,"240",1.225,"pitch",150,NA,"offshore"
"Generic 15.0 MW - Offshore",7.5,5338.823,150,15000,"240",1.225,"pitch",150,NA,"offshore"
"Generic 15.0 MW - Offshore",8,6481.117,150,15000,"240",1.225,"pitch",150,NA,"offshore"
"Generic 15.0 MW - Offshore",8.5,7774.571,150,15000,"240",1.225,"pitch",150,NA,"offshore"
"Generic 15.0 MW - Offshore",9,9229.227,150,15000,"240",1.225,"pitch",150,NA,"offshore"
"Generic 15.0 MW - Offshore",9.5,10855.04,150,15000,"240",1.225,"pitch",150,NA,"offshore"
"Generic 15.0 MW - Offshore",10,12661.26,150,15000,"240",1.225,"pitch",150,NA,"offshore"
"Generic 15.0 MW - Offshore",10.25,13638.15,150,15000,"240",1.225,"pitch",150,NA,"offshore"
"Generic 15.0 MW - Offshore",10.5,14660.66,150,15000,"240",1.225,"pitch",150,NA,"offshore"
"Generic 15.0 MW - Offshore",10.6,14994.85,150,15000,"240",1.225,"pitch",150,NA,"offshore"
"Generic 15.0 MW - Offshore",10.7,14994.65,150,15000,"240",1.225,"pitch",150,NA,"offshore"
"Generic 15.0 MW - Offshore",10.72,14994.61,150,15000,"240",1.225,"pitch",150,NA,"offshore"
"Generic 15.0 MW - Offshore",10.74,14994.55,150,15000,"240",1.225,"pitch",150,NA,"offshore"
"Generic 15.0 MW - Offshore",10.76,14994.52,150,15000,"240",1.225,"pitch",150,NA,"offshore"
"Generic 15.0 MW - Offshore",10.78,14994.56,150,15000,"240",1.225,"pitch",150,NA,"offshore"
"Generic 15.0 MW - Offshore",10.784,14994.53,150,15000,"240",1.225,"pitch",150,NA,"offshore"
"Generic 15.0 MW - Offshore",10.786,14994.53,150,15000,"240",1.225,"pitch",150,NA,"offshore"
"Generic 15.0 MW - Offshore",10.787,14994.53,150,15000,"240",1.225,"pitch",150,NA,"offshore"
"Generic 15.0 MW - Offshore",10.788,14994.52,150,15000,"240",1.225,"pitch",150,NA,"offshore"
"Generic 15.0 MW - Offshore",10.789,14994.52,150,15000,"240",1.225,"pitch",150,NA,"offshore"
"Generic 15.0 MW - Offshore",10.7895,14994.59,150,15000,"240",1.225,"pitch",150,NA,"offshore"
"Generic 15.0 MW - Offshore",10.8,14994.54,150,15000,"240",1.225,"pitch",150,NA,"offshore"
"Generic 15.0 MW - Offshore",10.9,14994.43,150,15000,"240",1.225,"pitch",150,NA,"offshore"
"Generic 15.0 MW - Offshore",11,14994.27,150,15000,"240",1.225,"pitch",150,NA,"offshore"
"Generic 15.0 MW - Offshore",11.25,14994.02,150,15000,"240",1.225,"pitch",150,NA,"offshore"
"Generic 15.0 MW - Offshore",11.5,14994.11,150,15000,"240",1.225,"pitch",150,NA,"offshore"
"Generic 15.0 MW - Offshore",11.75,14994.18,150,15000,"240",1.225,"pitch",150,NA,"offshore"
"Generic 15.0 MW - Offshore",12,14994.17,150,15000,"240",1.225,"pitch",150,NA,"offshore"
"Generic 15.0 MW - Offshore",13,14994.76,150,15000,"240",1.225,"pitch",150,NA,"offshore"
"Generic 15.0 MW - Offshore",14,14994.76,150,15000,"240",1.225,"pitch",150,NA,"offshore"
"Generic 15.0 MW - Offshore",15,14994.76,150,15000,"240",1.225,"pitch",150,NA,"offshore"
"Generic 15.0 MW - Offshore",17.5,14994.83,150,15000,"240",1.225,"pitch",150,NA,"offshore"
"Generic 15.0 MW - Offshore",20,14994.83,150,15000,"240",1.225,"pitch",150,NA,"offshore"
"Generic 15.0 MW - Offshore",22.5,14996.27,150,15000,"240",1.225,"pitch",150,NA,"offshore"
"Generic 15.0 MW - Offshore",25,14997.63,150,15000,"240",1.225,"pitch",150,NA,"offshore"
"Generic 4.0 MW - IEC Class 1",3,12,100,4000,"117",1.225,"pitch",100,10,"iec class 1"
"Generic 4.0 MW - IEC Class 1",3.5,65,100,4000,"117",1.225,"pitch",100,10,"iec class 1"
"Generic 4.0 MW - IEC Class 1",4,140,100,4000,"117",1.225,"pitch",100,10,"iec class 1"
"Generic 4.0 MW - IEC Class 1",4.5,230,100,4000,"117",1.225,"pitch",100,10,"iec class 1"
"Generic 4.0 MW - IEC Class 1",5,336,100,4000,"117",1.225,"pitch",100,10,"iec class 1"
"Generic 4.0 MW - IEC Class 1",5.5,460,100,4000,"117",1.225,"pitch",100,10,"iec class 1"
"Generic 4.0 MW - IEC Class 1",6,610,100,4000,"117",1.225,"pitch",100,10,"iec class 1"
"Generic 4.0 MW - IEC Class 1",6.5,788,100,4000,"117",1.225,"pitch",100,10,"iec class 1"
"Generic 4.0 MW - IEC Class 1",7,996,100,4000,"117",1.225,"pitch",100,10,"iec class 1"
"Generic 4.0 MW - IEC Class 1",7.5,1236,100,4000,"117",1.225,"pitch",100,10,"iec class 1"
"Generic 4.0 MW - IEC Class 1",8,1507,100,4000,"117",1.225,"pitch",100,10,"iec class 1"
"Generic 4.0 MW - IEC Class 1",8.5,1814,100,4000,"117",1.225,"pitch",100,10,"iec class 1"
"Generic 4.0 MW - IEC Class 1",9,2155,100,4000,"117",1.225,"pitch",100,10,"iec class 1"
"Generic 4.0 MW - IEC Class 1",9.5,2521,100,4000,"117",1.225,"pitch",100,10,"iec class 1"
"Generic 4.0 MW - IEC Class 1",10,2892,100,4000,"117",1.225,"pitch",100,10,"iec class 1"
"Generic 4.0 MW - IEC Class 1",10.5,3245,100,4000,"117",1.225,"pitch",100,10,"iec class 1"
"Generic 4.0 MW - IEC Class 1",11,3555,100,4000,"117",1.225,"pitch",100,10,"iec class 1"
"Generic 4.0 MW - IEC Class 1",11.5,3800,100,4000,"117",1.225,"pitch",100,10,"iec class 1"
"Generic 4.0 MW - IEC Class 1",12,3940,100,4000,"117",1.225,"pitch",100,10,"iec class 1"
"Generic 4.0 MW - IEC Class 1",12.5,3987,100,4000,"117",1.225,"pitch",100,10,"iec class 1"
"Generic 4.0 MW - IEC Class 1",13,3998,100,4000,"117",1.225,"pitch",100,10,"iec class 1"
"Generic 4.0 MW - IEC Class 1",13.5,3999,100,4000,"117",1.225,"pitch",100,10,"iec class 1"
"Generic 4.0 MW - IEC Class 1",14,4000,100,4000,"117",1.225,"pitch",100,10,"iec class 1"
"Generic 4.0 MW - IEC Class 1",14.5,4000,100,4000,"117",1.225,"pitch",100,10,"iec class 1"
"Generic 4.0 MW - IEC Class 1",15,4000,100,4000,"117",1.225,"pitch",100,10,"iec class 1"
"Generic 4.0 MW - IEC Class 1",15.5,4000,100,4000,"117",1.225,"pitch",100,10,"iec class 1"
"Generic 4.0 MW - IEC Class 1",16,4000,100,4000,"117",1.225,"pitch",100,10,"iec class 1"
"Generic 4.0 MW - IEC Class 1",16.5,4000,100,4000,"117",1.225,"pitch",100,10,"iec class 1"
"Generic 4.0 MW - IEC Class 1",17,4000,100,4000,"117",1.225,"pitch",100,10,"iec class 1"
"Generic 4.0 MW - IEC Class 1",17.5,4000,100,4000,"117",1.225,"pitch",100,10,"iec class 1"
"Generic 4.0 MW - IEC Class 1",18,4000,100,4000,"117",1.225,"pitch",100,10,"iec class 1"
"Generic 4.0 MW - IEC Class 1",18.5,4000,100,4000,"117",1.225,"pitch",100,10,"iec class 1"
"Generic 4.0 MW - IEC Class 1",19,4000,100,4000,"117",1.225,"pitch",100,10,"iec class 1"
"Generic 4.0 MW - IEC Class 1",19.5,4000,100,4000,"117",1.225,"pitch",100,10,"iec class 1"
"Generic 4.0 MW - IEC Class 1",20,4000,100,4000,"117",1.225,"pitch",100,10,"iec class 1"
"Generic 4.0 MW - IEC Class 1",20.5,4000,100,4000,"117",1.225,"pitch",100,10,"iec class 1"
"Generic 4.0 MW - IEC Class 1",21,4000,100,4000,"117",1.225,"pitch",100,10,"iec class 1"
"Generic 4.0 MW - IEC Class 1",21.5,4000,100,4000,"117",1.225,"pitch",100,10,"iec class 1"
"Generic 4.0 MW - IEC Class 1",22,4000,100,4000,"117",1.225,"pitch",100,10,"iec class 1"
"Generic 4.0 MW - IEC Class 1",22.5,4000,100,4000,"117",1.225,"pitch",100,10,"iec class 1"
"Generic 4.0 MW - IEC Class 1",23,4000,100,4000,"117",1.225,"pitch",100,10,"iec class 1"
"Generic 4.0 MW - IEC Class 1",23.5,4000,100,4000,"117",1.225,"pitch",100,10,"iec class 1"
"Generic 4.0 MW - IEC Class 1",24,4000,100,4000,"117",1.225,"pitch",100,10,"iec class 1"
"Generic 4.0 MW - IEC Class 1",24.5,4000,100,4000,"117",1.225,"pitch",100,10,"iec class 1"
"Generic 4.0 MW - IEC Class 1",25,4000,100,4000,"117",1.225,"pitch",100,10,"iec class 1"
"Generic 4.0 MW - IEC Class 1",25.5,4000,100,4000,"117",1.225,"pitch",100,10,"iec class 1"
"Generic 4.0 MW - IEC Class 1",26,4000,100,4000,"117",1.225,"pitch",100,10,"iec class 1"
"Generic 4.0 MW - IEC Class 1",26.5,4000,100,4000,"117",1.225,"pitch",100,10,"iec class 1"
"Generic 4.0 MW - IEC Class 1",27,4000,100,4000,"117",1.225,"pitch",100,10,"iec class 1"
"Generic 4.5 MW - IEC Class 2",3,57,100,4500,"136",1.225,"pitch",100,8.5,"iec class 2"
"Generic 4.5 MW - IEC Class 2",3.5,132,100,4500,"136",1.225,"pitch",100,8.5,"iec class 2"
"Generic 4.5 MW - IEC Class 2",4,224,100,4500,"136",1.225,"pitch",100,8.5,"iec class 2"
"Generic 4.5 MW - IEC Class 2",4.5,337,100,4500,"136",1.225,"pitch",100,8.5,"iec class 2"
"Generic 4.5 MW - IEC Class 2",5,478,100,4500,"136",1.225,"pitch",100,8.5,"iec class 2"
"Generic 4.5 MW - IEC Class 2",5.5,648,100,4500,"136",1.225,"pitch",100,8.5,"iec class 2"
"Generic 4.5 MW - IEC Class 2",6,853,100,4500,"136",1.225,"pitch",100,8.5,"iec class 2"
"Generic 4.5 MW - IEC Class 2",6.5,1096,100,4500,"136",1.225,"pitch",100,8.5,"iec class 2"
"Generic 4.5 MW - IEC Class 2",7,1381,100,4500,"136",1.225,"pitch",100,8.5,"iec class 2"
"Generic 4.5 MW - IEC Class 2",7.5,1704,100,4500,"136",1.225,"pitch",100,8.5,"iec class 2"
"Generic 4.5 MW - IEC Class 2",8,2070,100,4500,"136",1.225,"pitch",100,8.5,"iec class 2"
"Generic 4.5 MW - IEC Class 2",8.5,2472,100,4500,"136",1.225,"pitch",100,8.5,"iec class 2"
"Generic 4.5 MW - IEC Class 2",9,2874,100,4500,"136",1.225,"pitch",100,8.5,"iec class 2"
"Generic 4.5 MW - IEC Class 2",9.5,3237,100,4500,"136",1.225,"pitch",100,8.5,"iec class 2"
"Generic 4.5 MW - IEC Class 2",10,3571,100,4500,"136",1.225,"pitch",100,8.5,"iec class 2"
"Generic 4.5 MW - IEC Class 2",10.5,3884,100,4500,"136",1.225,"pitch",100,8.5,"iec class 2"
"Generic 4.5 MW - IEC Class 2",11,4141,100,4500,"136",1.225,"pitch",100,8.5,"iec class 2"
"Generic 4.5 MW - IEC Class 2",11.5,4337,100,4500,"136",1.225,"pitch",100,8.5,"iec class 2"
"Generic 4.5 MW - IEC Class 2",12,4445,100,4500,"136",1.225,"pitch",100,8.5,"iec class 2"
"Generic 4.5 MW - IEC Class 2",12.5,4487,100,4500,"136",1.225,"pitch",100,8.5,"iec class 2"
"Generic 4.5 MW - IEC Class 2",13,4498,100,4500,"136",1.225,"pitch",100,8.5,"iec class 2"
"Generic 4.5 MW - IEC Class 2",13.5,4498,100,4500,"136",1.225,"pitch",100,8.5,"iec class 2"
"Generic 4.5 MW - IEC Class 2",14,4500,100,4500,"136",1.225,"pitch",100,8.5,"iec class 2"
"Generic 4.5 MW - IEC Class 2",14.5,4500,100,4500,"136",1.225,"pitch",100,8.5,"iec class 2"
"Generic 4.5 MW - IEC Class 2",15,4500,100,4500,"136",1.225,"pitch",100,8.5,"iec class 2"
"Generic 4.5 MW - IEC Class 2",15.5,4500,100,4500,"136",1.225,"pitch",100,8.5,"iec class 2"
"Generic 4.5 MW - IEC Class 2",16,4500,100,4500,"136",1.225,"pitch",100,8.5,"iec class 2"
"Generic 4.5 MW - IEC Class 2",16.5,4500,100,4500,"136",1.225,"pitch",100,8.5,"iec class 2"
"Generic 4.5 MW - IEC Class 2",17,4500,100,4500,"136",1.225,"pitch",100,8.5,"iec class 2"
"Generic 4.5 MW - IEC Class 2",17.5,4500,100,4500,"136",1.225,"pitch",100,8.5,"iec class 2"
"Generic 4.5 MW - IEC Class 2",18,4500,100,4500,"136",1.225,"pitch",100,8.5,"iec class 2"
"Generic 4.5 MW - IEC Class 2",18.5,4500,100,4500,"136",1.225,"pitch",100,8.5,"iec class 2"
"Generic 4.5 MW - IEC Class 2",19,4500,100,4500,"136",1.225,"pitch",100,8.5,"iec class 2"
"Generic 4.5 MW - IEC Class 2",19.5,4500,100,4500,"136",1.225,"pitch",100,8.5,"iec class 2"
"Generic 4.5 MW - IEC Class 2",20,4500,100,4500,"136",1.225,"pitch",100,8.5,"iec class 2"
"Generic 4.5 MW - IEC Class 2",20.5,4500,100,4500,"136",1.225,"pitch",100,8.5,"iec class 2"
"Generic 4.5 MW - IEC Class 2",21,4500,100,4500,"136",1.225,"pitch",100,8.5,"iec class 2"
"Generic 4.5 MW - IEC Class 2",21.5,4500,100,4500,"136",1.225,"pitch",100,8.5,"iec class 2"
"Generic 4.5 MW - IEC Class 2",22,4500,100,4500,"136",1.225,"pitch",100,8.5,"iec class 2"
"Generic 4.5 MW - IEC Class 2",22.5,4498,100,4500,"136",1.225,"pitch",100,8.5,"iec class 2"
"Generic 4.5 MW - IEC Class 2",23,4472,100,4500,"136",1.225,"pitch",100,8.5,"iec class 2"
"Generic 4.5 MW - IEC Class 2",23.5,4421,100,4500,"136",1.225,"pitch",100,8.5,"iec class 2"
"Generic 4.5 MW - IEC Class 2",24,4336,100,4500,"136",1.225,"pitch",100,8.5,"iec class 2"
"Generic 4.5 MW - IEC Class 2",24.5,4230,100,4500,"136",1.225,"pitch",100,8.5,"iec class 2"
"Generic 4.5 MW - IEC Class 2",25,4131,100,4500,"136",1.225,"pitch",100,8.5,"iec class 2"
"Generic 4.5 MW - IEC Class 2",25.5,4044,100,4500,"136",1.225,"pitch",100,8.5,"iec class 2"
"Generic 4.5 MW - IEC Class 2",26,3951,100,4500,"136",1.225,"pitch",100,8.5,"iec class 2"
"Generic 4.5 MW - IEC Class 2",26.5,3858,100,4500,"136",1.225,"pitch",100,8.5,"iec class 2"
"Generic 4.5 MW - IEC Class 2",27,3756,100,4500,"136",1.225,"pitch",100,8.5,"iec class 2"
"Generic 4.5 MW - IEC Class 2",27.5,3620,100,4500,"136",1.225,"pitch",100,8.5,"iec class 2"
"Generic 4.5 MW - IEC Class 2",28,3456,100,4500,"136",1.225,"pitch",100,8.5,"iec class 2"
"Generic 4.5 MW - IEC Class 2",28.5,3261,100,4500,"136",1.225,"pitch",100,8.5,"iec class 2"
"Generic 4.5 MW - IEC Class 2",29,3033,100,4500,"136",1.225,"pitch",100,8.5,"iec class 2"
"Generic 4.5 MW - IEC Class 2",29.5,2789,100,4500,"136",1.225,"pitch",100,8.5,"iec class 2"
"Generic 4.5 MW - IEC Class 2",30,2548,100,4500,"136",1.225,"pitch",100,8.5,"iec class 2"
"Generic 4.5 MW - IEC Class 2",30.5,2308,100,4500,"136",1.225,"pitch",100,8.5,"iec class 2"
"Generic 4.5 MW - IEC Class 2",31,2073,100,4500,"136",1.225,"pitch",100,8.5,"iec class 2"
"Generic 4.5 MW - IEC Class 2",31.5,1868,100,4500,"136",1.225,"pitch",100,8.5,"iec class 2"
"Generic 4.5 MW - IEC Class 2",32,1721,100,4500,"136",1.225,"pitch",100,8.5,"iec class 2"
"Generic 4.5 MW - IEC Class 3",3,81,100,4500,"150",1.225,"pitch",100,7.5,"iec class 3"
"Generic 4.5 MW - IEC Class 3",3.5,172,100,4500,"150",1.225,"pitch",100,7.5,"iec class 3"
"Generic 4.5 MW - IEC Class 3",4,285,100,4500,"150",1.225,"pitch",100,7.5,"iec class 3"
"Generic 4.5 MW - IEC Class 3",4.5,424,100,4500,"150",1.225,"pitch",100,7.5,"iec class 3"
"Generic 4.5 MW - IEC Class 3",5,596,100,4500,"150",1.225,"pitch",100,7.5,"iec class 3"
"Generic 4.5 MW - IEC Class 3",5.5,808,100,4500,"150",1.225,"pitch",100,7.5,"iec class 3"
"Generic 4.5 MW - IEC Class 3",6,1061,100,4500,"150",1.225,"pitch",100,7.5,"iec class 3"
"Generic 4.5 MW - IEC Class 3",6.5,1360,100,4500,"150",1.225,"pitch",100,7.5,"iec class 3"
"Generic 4.5 MW - IEC Class 3",7,1710,100,4500,"150",1.225,"pitch",100,7.5,"iec class 3"
"Generic 4.5 MW - IEC Class 3",7.5,2106,100,4500,"150",1.225,"pitch",100,7.5,"iec class 3"
"Generic 4.5 MW - IEC Class 3",8,2549,100,4500,"150",1.225,"pitch",100,7.5,"iec class 3"
"Generic 4.5 MW - IEC Class 3",8.5,3021,100,4500,"150",1.225,"pitch",100,7.5,"iec class 3"
"Generic 4.5 MW - IEC Class 3",9,3471,100,4500,"150",1.225,"pitch",100,7.5,"iec class 3"
"Generic 4.5 MW - IEC Class 3",9.5,3861,100,4500,"150",1.225,"pitch",100,7.5,"iec class 3"
"Generic 4.5 MW - IEC Class 3",10,4180,100,4500,"150",1.225,"pitch",100,7.5,"iec class 3"
"Generic 4.5 MW - IEC Class 3",10.5,4372,100,4500,"150",1.225,"pitch",100,7.5,"iec class 3"
"Generic 4.5 MW - IEC Class 3",11,4470,100,4500,"150",1.225,"pitch",100,7.5,"iec class 3"
"Generic 4.5 MW - IEC Class 3",11.5,4494,100,4500,"150",1.225,"pitch",100,7.5,"iec class 3"
"Generic 4.5 MW - IEC Class 3",12,4500,100,4500,"150",1.225,"pitch",100,7.5,"iec class 3"
"Generic 4.5 MW - IEC Class 3",12.5,4500,100,4500,"150",1.225,"pitch",100,7.5,"iec class 3"
"Generic 4.5 MW - IEC Class 3",13,4500,100,4500,"150",1.225,"pitch",100,7.5,"iec class 3"
"Generic 4.5 MW - IEC Class 3",13.5,4500,100,4500,"150",1.225,"pitch",100,7.5,"iec class 3"
"Generic 4.5 MW - IEC Class 3",14,4500,100,4500,"150",1.225,"pitch",100,7.5,"iec class 3"
"Generic 4.5 MW - IEC Class 3",14.5,4500,100,4500,"150",1.225,"pitch",100,7.5,"iec class 3"
"Generic 4.5 MW - IEC Class 3",15,4500,100,4500,"150",1.225,"pitch",100,7.5,"iec class 3"
"Generic 4.5 MW - IEC Class 3",15.5,4500,100,4500,"150",1.225,"pitch",100,7.5,"iec class 3"
"Generic 4.5 MW - IEC Class 3",16,4500,100,4500,"150",1.225,"pitch",100,7.5,"iec class 3"
"Generic 4.5 MW - IEC Class 3",16.5,4498,100,4500,"150",1.225,"pitch",100,7.5,"iec class 3"
"Generic 4.5 MW - IEC Class 3",17,4473,100,4500,"150",1.225,"pitch",100,7.5,"iec class 3"
"Generic 4.5 MW - IEC Class 3",17.5,4394,100,4500,"150",1.225,"pitch",100,7.5,"iec class 3"
"Generic 4.5 MW - IEC Class 3",18,4268,100,4500,"150",1.225,"pitch",100,7.5,"iec class 3"
"Generic 4.5 MW - IEC Class 3",18.5,4139,100,4500,"150",1.225,"pitch",100,7.5,"iec class 3"
"Generic 4.5 MW - IEC Class 3",19,4031,100,4500,"150",1.225,"pitch",100,7.5,"iec class 3"
"Generic 4.5 MW - IEC Class 3",19.5,3909,100,4500,"150",1.225,"pitch",100,7.5,"iec class 3"
"Generic 4.5 MW - IEC Class 3",20,3771,100,4500,"150",1.225,"pitch",100,7.5,"iec class 3"
"Generic 4.5 MW - IEC Class 3",20.5,3607,100,4500,"150",1.225,"pitch",100,7.5,"iec class 3"
"Generic 4.5 MW - IEC Class 3",21,3408,100,4500,"150",1.225,"pitch",100,7.5,"iec class 3"
"Generic 4.5 MW - IEC Class 3",21.5,3180,100,4500,"150",1.225,"pitch",100,7.5,"iec class 3"
"Generic 4.5 MW - IEC Class 3",22,2917,100,4500,"150",1.225,"pitch",100,7.5,"iec class 3"
"Generic 4.5 MW - IEC Class 3",22.5,2645,100,4500,"150",1.225,"pitch",100,7.5,"iec class 3"
"Generic 4.5 MW - IEC Class 3",23,2363,100,4500,"150",1.225,"pitch",100,7.5,"iec class 3"
"Generic 4.5 MW - IEC Class 3",23.5,2070,100,4500,"150",1.225,"pitch",100,7.5,"iec class 3"
"Generic 4.5 MW - IEC Class 3",24,1782,100,4500,"150",1.225,"pitch",100,7.5,"iec class 3"
"Generic 4.5 MW - IEC Class 3",24.5,1561,100,4500,"150",1.225,"pitch",100,7.5,"iec class 3"
